Id,Model,Price,Age_06_15
1,TOYOTA Corolla 2.0 D4D HATCHB TERRA 2/3-Doors,13500,57
2,TOYOTA Corolla 2.0 D4D HATCHB TERRA 2/3-Doors,13750,57
3, TOYOTA Corolla 2.0 D4D HATCHB TERRA 2/3-Doors,13950,58
4,TOYOTA Corolla 2.0 D4D HATCHB TERRA 2/3-Doors,14950,60
5,TOYOTA Corolla 2.0 D4D HATCHB SOL 2/3-Doors,13750,64
6,TOYOTA Corolla 2.0 D4D HATCHB SOL 2/3-Doors,12950,66
7, TOYOTA Corolla 2.0 D4D 90 3DR TERRA 2/3-Doors,16900,61
8,TOYOTA Corolla 2.0 D4D 90 3DR TERRA 2/3-Doors,18600,64
9, TOYOTA Corolla 1800 T SPORT VVT I 2/3-Doors,21500,61
10, TOYOTA Corolla 1.9 D HATCHB TERRA 2/3-Doors,12950,57
11,TOYOTA Corolla 1.8 VVTL-i T-Sport 3-Drs 2/3-Doors,20950,59
12,TOYOTA Corolla 1.8 16V VVTLI 3DR T SPORT BNS 2/3-Doors,19950,56
13,TOYOTA Corolla 1.8 16V VVTLI 3DR T SPORT 2/3-Doors,19600,59
14,TOYOTA Corolla 1.8 16V VVTLI 3DR T SPORT 2/3-Doors,21500,65
15,TOYOTA Corolla 1.8 16V VVTLI 3DR T SPORT 2/3-Doors,22500,66
16,TOYOTA Corolla 1.8 16V VVTLI 3DR T SPORT 2/3-Doors,22000,62
17, TOYOTA Corolla 1.8 16V VVTLI 3DR T SPORT 2/3-Doors,22750,64
18, TOYOTA Corolla 1.6 VVTI Linea Terra Comfort 2/3-Doors,17950,58
19,TOYOTA Corolla 1.6 16v L.SOL 2/3-Doors,16750,58
20,TOYOTA Corolla 1.6 16V VVT I 3DR TERRA 2/3-Doors,16950,64
21, TOYOTA Corolla 1.6 16V VVT I 3DR TERRA 2/3-Doors,15950,64
22,TOYOTA Corolla 1.6 16V VVT I 3DR SOL AUT4 2/3-Doors,16950,63
23,TOYOTA Corolla 1.6 16V VVT I 3DR SOL 2/3-Doors,15950,62
24, TOYOTA Corolla 1.6 16V VVT I 3DR SOL 2/3-Doors,16950,62
25,TOYOTA Corolla 1.6 16V VVT I 3DR SOL 2/3-Doors,16250,63
26,TOYOTA Corolla 1.6 16V VVT I 3DR SOL 2/3-Doors,15950,59
27, TOYOTA Corolla 1.6 16V VVT I 3DR SOL 2/3-Doors,17495,61
28,TOYOTA Corolla 1.6 16V VVT I 3DR SOL 2/3-Doors,15750,63
29,TOYOTA Corolla 1.6 16V VVT I 3DR SOL 2/3-Doors,16950,62
30,TOYOTA Corolla 1.6 16V VVT I 3DR SOL 2/3-Doors,17950,64
31, TOYOTA Corolla 1.4 VVTI Linea Terra 2/3-Doors,12950,63
32,TOYOTA Corolla 1.4 16V VVT I 3DR TERRA COMFORT 2/3-Doors,15750,56
33,TOYOTA Corolla 1.4 16V VVT I 3DR TERRA COMFORT 2/3-Doors,15950,61
34, TOYOTA Corolla 1.4 16V VVT I 3DR TERRA COMFORT 2/3-Doors,14950,60
35, TOYOTA Corolla 1.4 16V VVT I 3DR TERRA COMFORT 2/3-Doors,15500,56
36,TOYOTA Corolla 1.4 16V VVT I 3DR TERRA COMFORT 2/3-Doors,15750,60
37,TOYOTA Corolla 1.4 16V VVT I 3DR TERRA COMFORT 2/3-Doors,15950,59
38,TOYOTA Corolla 1.4 16V VVT I 3DR TERRA 2/3-Doors,14950,57
39,TOYOTA Corolla 1.4 16V VVT I 3DR TERRA 2/3-Doors,15750,66
40, TOYOTA Corolla 1.4 16V VVT I 3DR 2/3-Doors,14750,61
41, TOYOTA Corolla 1.4 16V VVT I 3DR 2/3-Doors,13950,56
42,TOYOTA Corolla 1.4 16V VVT I 3DR 2/3-Doors,16750,61
43,TOYOTA Corolla 1.4 16V VVT I 3DR 2/3-Doors,13950,56
44,TOYOTA Corolla 2.0 D4D 90 5DR TERRA COMFORT 4/5-Doors,16950,61
45,TOYOTA Corolla 2.0 D4D 90 5DR TERRA COMFORT 4/5-Doors,16950,56
46, TOYOTA Corolla 2.0 D4D 90 5DR SOL 4/5-Doors,19000,57
47,TOYOTA Corolla 2.0 D4D 90 5DR TERRA 4/5-Doors,17950,61
48,TOYOTA Corolla 1.4 16V VVT I 5DR TERRA COMFORT 4/5-Doors,15800,56
49, TOYOTA Corolla 2.0 D4D 90 5DR TERRA COMFORT 4/5-Doors,17950,56
50,TOYOTA Corolla 1.8 16V VVTLI 5DR T SPORT 4/5-Doors,21950,65
51,TOYOTA Corolla 2.0 D4D 90 5DR TERRA COMFORT 4/5-Doors,17950,56
52, TOYOTA Corolla 1.4 16V VVT I 5DR TERRA 4/5-Doors,15750,64
53,TOYOTA Corolla 1.6 16V VVT I 5DR SOL AUT4 4/5-Doors,20500,60
54,TOYOTA Corolla 1.8 VVTL-i T-Sport 4/5-Doors,21950,61
55, TOYOTA Corolla 1.6 16V VVT I 5DR TERRA AUT4 4/5-Doors,15500,59
56, TOYOTA Corolla 1.6 16V VVT I LIFTB LUNA 4/5-Doors,13250,66
57,TOYOTA Corolla 1.4 16V VVT I 5DR TERRA 4/5-Doors,15250,62
58,TOYOTA Corolla 1.4 16V VVT I 5DR TERRA COMFORT 4/5-Doors,15250,60
59, TOYOTA Corolla 1.6 16V VVT I 5DR SOL AUT4 4/5-Doors,18950,57
60, TOYOTA Corolla 1.6 16V VVT I 5DR SOL 4/5-Doors,15999,64
61,TOYOTA Corolla 1.4 16V VVT I 5DR TERRA COMFORT 4/5-Doors,14950,56
62, TOYOTA Corolla 1.6 16V VVT I 5DR SOL 4/5-Doors,16500,61
63,TOYOTA Corolla 1.6 16V VVT I 5DR SOL 4/5-Doors,18750,65
64,TOYOTA Corolla 1.6 16V VVT I 5DR SOL 4/5-Doors,17950,64
65,TOYOTA Corolla 1.4 16V VVT I 5DR TERRA COMFORT 4/5-Doors,17950,61
66,TOYOTA Corolla 1.6 VVT-I 5DR LINEA SOL 4/5-Doors,16950,60
67,TOYOTA Corolla 1.6 16V VVT I 5DR SOL 4/5-Doors,18950,62
68,TOYOTA Corolla 1.4 16V VVT I 5DR TERRA COMFORT 4/5-Doors,14950,56
69,TOYOTA Corolla 2.0 D4D 110 5DR SOL 4/5-Doors,22250,56
70,TOYOTA Corolla 1.4 16V VVT I 5DR TERRA 4/5-Doors,15950,59
71, TOYOTA Corolla 1.4 16V VVT I 5DR TERRA 4/5-Doors,15950,62
72,TOYOTA Corolla 1.4 16V VVT I LIFTB TERRA 4/5-Doors,12995,66
73, TOYOTA Corolla 1.6 16V VVT I 5DR SOL 4/5-Doors,18950,62
74, TOYOTA Corolla 1.4 16V VVT I 5DR 4/5-Doors,15750,57
75, TOYOTA Corolla 1.6 16V VVT I 5DR SOL 4/5-Doors,19950,62
76,TOYOTA Corolla 1.6 16V VVT I 5DR TERRA COMFORT 4/5-Doors,16950,57
77,TOYOTA Corolla 1.6 16V VVT I 5DR SOL 4/5-Doors,18750,65
78,TOYOTA Corolla 1.6 16V VVT I 5DR TERRA 4/5-Doors,18450,61
79,TOYOTA Corolla 1.6 16V VVT I 5DR TERRA 4/5-Doors,16895,63
80,TOYOTA Corolla 1.4 16V VVT I 5DR TERRA 4/5-Doors,14900,64
81,TOYOTA Corolla 1.6 5drs 1 4/5-Doors,18950,59
82,TOYOTA Corolla 1.6 16V VVT I 5DR TERRA 4/5-Doors,17250,63
83, TOYOTA Corolla 1.4 16V VVT I 5DR 4/5-Doors,15450,59
84,TOYOTA Corolla 1.6 16V VVT I 5DR SOL AUT4 4/5-Doors,17950,65
85, TOYOTA Corolla 1.4 16V VVT I 5DR TERRA COMFORT 4/5-Doors,16650,59
86,TOYOTA Corolla 1.6 16V VVT I 5DR SOL 4/5-Doors,17450,62
87, TOYOTA Corolla 1.4 VVTI  (Nw type) 4/5-Doors,14900,64
88,TOYOTA Corolla 2.0 D4D 90 3DR TERRA COMF BNS 2/3-Doors,17950,54
89,TOYOTA Corolla 1.4 16V VVT I 3DR TERRA COMFORT 2/3-Doors,15950,53
90,TOYOTA Corolla 2.0 D4D 110 3DR SOL 2/3-Doors,21950,53
91,TOYOTA Corolla 1.4 16V VVT I 3DR TERRA COMFORT 2/3-Doors,16450,54
92, TOYOTA Corolla 2.0 D4D 90 3DR SOL BNS 2/3-Doors,22250,54
93,TOYOTA Corolla 2.0 D 4D Linea Sol 3 Doors 2/3-Doors,19950,50
94,TOYOTA Corolla 1.4 16V VVT I 3DR TERRA COMFORT 2/3-Doors,15950,54
95,TOYOTA Corolla 1.6 16v VVT-i Linea Sol 2/3-Doors,18900,54
96,TOYOTA Corolla 2.0 D4D Linea Sol 3 Doors 2/3-Doors,19950,51
97, TOYOTA Corolla 1.4 16V VVT I 3DR TERRA COMFORT 2/3-Doors,15950,53
98,TOYOTA Corolla 1.4 16V VVT I 3DR TERRA COMFORT 2/3-Doors,15950,53
99,TOYOTA Corolla 1.6 16V VVT I 3DR SOL 2/3-Doors,18750,45
100,TOYOTA Corolla 1.4 16V VVT I 3DR TERRA COMFORT 2/3-Doors,17450,52
101, TOYOTA Corolla 1.6 16V VVT I 3DR SOL 2/3-Doors,18990,54
102, TOYOTA Corolla 1.4 16V VVT I 3DR TERRA COMFORT 2/3-Doors,16250,53
103,TOYOTA Corolla 1.4 VVT-i Sol 2/3-Doors,18500,47
104,TOYOTA Corolla 1.6 16V VVT I 3DR TERRA COMFORT 2/3-Doors,18500,45
105,TOYOTA Corolla 1.6 16V VVT I 3DR TERRA COMF AUT 2/3-Doors,19450,45
106, TOYOTA Corolla 1.4 16V VVT I 3DR TERRA COMFORT 2/3-Doors,16950,53
107, TOYOTA Corolla 1.6 VVT-i Linea Terra Comfort 2/3-Doors,18800,48
108,TOYOTA Corolla 1.4 16V VVT I 3DR 2/3-Doors,17450,51
109, TOYOTA Corolla 1.6 16V VVT I 3DR TERRA COMFORT 2/3-Doors,17950,54
111, TOYOTA Corolla VERSO 2.0 D4D SOL (7) BNS MPV,32500,38
112,TOYOTA Corolla VERSO 2.0 D4D SOL (7) MPV,31000,38
113,TOYOTA Corolla VERSO 2.0 D4D SOL (7) MPV,31275,38
114, TOYOTA Corolla VERSO 2.0 D4D LINEA SOL MPV,24950,42
115,TOYOTA Corolla VERSO 2.0 D4D LINEA SOL MPV,24950,42
116,TOYOTA Corolla 2.0 D4D 116 5DR LUNA 4/5-Doors,22950,41
117,TOYOTA Corolla 2.0 D4D 90 WAGON SOL Stationwagen,24990,42
118, TOYOTA Corolla 2.0 D4D 90 5DR SOL 4/5-Doors,21950,42
119,TOYOTA Corolla 1.6 16V VVT I 3DR TERRA COMFORT 2/3-Doors,17900,41
120,TOYOTA Corolla 2.0 D4D 90 5DR TERRA COMFORT 4/5-Doors,19250,54
121,TOYOTA Corolla 2.0 D4D 110 5DR EXEC BNS 4/5-Doors,22250,51
122,TOYOTA Corolla 1.6 16V VVT I 5DR TERRA COMFORT 4/5-Doors,18950,47
123, TOYOTA Corolla 2.0 D4D Linea Terra Comfort 4/5-Doors,19950,53
124, TOYOTA Corolla 1.6 16V VVT I 5DR TERRA 4/5-Doors,16350,48
125,TOYOTA Corolla 1.6 16V VVT I 5DR SOL 4/5-Doors,18950,54
126,TOYOTA Corolla 1.6 16V VVT I 5DR SOL 4/5-Doors,16950,51
127,TOYOTA Corolla 1.6 16V VVT I 5DR EXEC 4/5-Doors,21750,50
128,TOYOTA Corolla 1.6 VVT-i Linea Sol 4/5-Doors,15950,54
129,TOYOTA Corolla 1.4 16V VVT I 5DR TERRA COMFORT 4/5-Doors,16500,54
130,TOYOTA Corolla 1.4 16V VVT I 5DR SOL 4/5-Doors,17950,51
131,TOYOTA Corolla 1.6 vvt-i nw model comfort airco 5drs 4/5-Doors,15850,47
132,TOYOTA Corolla 1.4 16V VVT I 5DR TERRA COMFORT 4/5-Doors,16250,54
133, TOYOTA Corolla 1.4 16V VVT I 5DR TERRA COMFORT 4/5-Doors,15950,54
134,TOYOTA Corolla 1.4 16V VVT I 5DR TERRA COMFORT 4/5-Doors,16250,53
135,TOYOTA Corolla 1 6-16v VVT-i Linea Terra Comfort Airco 5drs 4/5-Doors,15950,47
136, TOYOTA Corolla 1.4 16V VVT I 5DR TERRA COMFORT 4/5-Doors,16500,54
137,TOYOTA Corolla 1.4 16V VVT I 5DR TERRA COMFORT 4/5-Doors,16500,53
138,TOYOTA Corolla 1.4 16V VVT I 5DR SOL 4/5-Doors,18450,53
139, TOYOTA Corolla 1.6 terra comfort 5drs airco 4/5-Doors,16250,47
140,TOYOTA Corolla Luna 5drs D4D116 PK 4/5-Doors,23000,45
141,TOYOTA Corolla 1.6i 16V VVT I SOL + Navigatie 4/5-Doors,19900,54
142,TOYOTA Corolla 1.4 16V VVT I 5DR TERRA COMFORT 4/5-Doors,16450,54
143, TOYOTA Corolla 1.8 VVTL-i T-Sport 3-Drs 4/5-Doors,23950,53
144, TOYOTA Corolla 1.6 16V VVT I 5DR SOL 4/5-Doors,19950,47
145,TOYOTA Corolla 1.6 16V VVT I SEDAN TERRA COMF 4/5-Doors,18500,50
146,TOYOTA Corolla 1.6 16V VVT I 5DR SOL 4/5-Doors,18950,49
147, TOYOTA Corolla 1.4 16V VVT I 5DR TERRA 4/5-Doors,16450,50
148, TOYOTA Corolla 1.6 16V VVT I 5DR TERRA COMF AUT 4/5-Doors,20500,54
149,TOYOTA Corolla 1.6 16V VVT I 5DR EXEC BNS 4/5-Doors,24500,47
150,TOYOTA Corolla 1.6 16V VVT I 5DR SOL 4/5-Doors,19450,53
151,TOYOTA Corolla 1.6 16V VVT I SEDAN SOL AUT4 4/5-Doors,20950,48
152, TOYOTA Corolla 1.4 16V VVT I 5DR TERRA COMFORT 4/5-Doors,17200,54
153,TOYOTA Corolla 1.6 16V VVT I 5DR SOL BNS 4/5-Doors,19950,53
154,TOYOTA Corolla 1.4 16V VVT I 5DR LUNA BNS 4/5-Doors,18450,44
155, TOYOTA Corolla 1.6 16V VVT I 5DR TERRA COMFORT 4/5-Doors,19500,46
156,TOYOTA Corolla 1.6 16V VVT I 5DR EXEC 4/5-Doors,21750,47
157,TOYOTA Corolla 1.4 16V VVT I SEDAN TERRA COMF 4/5-Doors,16868,49
158,TOYOTA Corolla 1.6 16V VVT I SEDAN SOL 4/5-Doors,19500,50
159,TOYOTA Corolla 1.6 16V VVT I 5DR TERRA COMFORT 4/5-Doors,18900,45
160,TOYOTA Corolla 1.6 16V VVT I 5DR SOL 4/5-Doors,19750,51
161,TOYOTA Corolla 1.6 16V VVT I 5DR SOL AUT4 4/5-Doors,19750,50
162,TOYOTA Corolla 1.6 16V VVT I SEDAN SOL 4/5-Doors,18950,50
163, TOYOTA Corolla 1.6 16v VVTi Linea Sol 4/5-Doors,20750,51
164,TOYOTA Corolla 1.6 16V VVT I 5DR TERRA COMFORT 4/5-Doors,19600,43
165,TOYOTA Corolla 1.6 16v VVTi Terra Comfort 4/5-Doors,19500,48
166,TOYOTA Corolla 1.4 16V VVT I 5DR TERRA COMFORT 4/5-Doors,17650,45
167,TOYOTA Corolla 1.6 16V VVT I 5DR SOL 4/5-Doors,19950,48
168,TOYOTA Corolla 1.6 16V VVT I 5DR EXEC 4/5-Doors,19950,48
169,TOYOTA Corolla 1.6 16V VVT I SEDAN SOL BNS AUT4 4/5-Doors,20950,48
170,TOYOTA Corolla 1.6 16V VVT I 5DR SOL 4/5-Doors,20500,46
171,TOYOTA Corolla 1.4-16v VVT-i Linea Terra Comfort NIEUW AIRCO 4/5-Doors,17795,43
172,TOYOTA Corolla 1.6-16v VVT-i Linea Terra Comfort AIRCO NIEUW 5DRS 4/5-Doors,18245,43
173,TOYOTA Corolla 1.6-16v VVT-i Executive B.edition 4/5-Doors,23750,42
174,TOYOTA Corolla 1.4 16V VVT I 5DR LUNA 4/5-Doors,19500,42
175, TOYOTA Corolla 1.4 16V VVT I 5DR LUNA 4/5-Doors,18950,42
176,TOYOTA Corolla 1.6 16V VVT I 5DR SOL 4/5-Doors,21950,42
177,TOYOTA Corolla 1.6 16V VVT I 5DR SOL 4/5-Doors,19950,42
178,TOYOTA Corolla 1.6 16V VVT I 5DR TERRA COMFORT 4/5-Doors,18950,42
179,TOYOTA Corolla 1.6 16V VVT I 5DR TERRA 4/5-Doors,19950,41
180,TOYOTA Corolla 1.6 16V VVT I 5DR SOL 4/5-Doors,21950,42
181,TOYOTA Corolla 1.6 16V VVT I 5DR EXEC 4/5-Doors,22500,40
182,TOYOTA Corolla 1.6 VVT-I 5DR LINEA TERRA 4/5-Doors,18500,41
183,TOYOTA Corolla 1.4 16V VVT I 5DR TERRA COMFORT 4/5-Doors,18700,41
184,TOYOTA Corolla 1.4 16V 5DR TERRA 4/5-Doors,21125,36
185,TOYOTA Corolla 1.6 16V VVT I 5DR SOL 4/5-Doors,21500,36
186, TOYOTA Corolla 1.4-16v VVT-i Linea Terra Comfort NIEUW AIRCO 4/5-Doors,17795,35
187,TOYOTA Corolla 1.6-16v VVT-i Linea Terra Comfort NIEUW AIRCO 5drs 4/5-Doors,18245,35
188,TOYOTA Corolla 1.9 D HATCHB SOL 2/3-Doors,6950,77
189,TOYOTA Corolla 2.0 D4D SEDAN SOL 4/5-Doors,9500,72
190,TOYOTA Corolla 2.0 D4D LIFTB SOL 4/5-Doors,11950,74
191,TOYOTA Corolla 1.6 16V VVT I HATCHB TERRA 2/3-Doors,7750,77
192,TOYOTA Corolla 1.9 D HATCHB TERRA 2/3-Doors,11950,74
193,TOYOTA Corolla 1.8D Stationwagen,4350,78
194,TOYOTA Corolla 1.8D 4/5-Doors,4750,78
195,TOYOTA Corolla 1.9 D LIFTB TERRA 4/5-Doors,11750,74
196,TOYOTA Corolla 1.9 D WAGON TERRA Stationwagen,13250,75
197,TOYOTA Corolla 1.6 16V VVT I LIFTB LUNA 4/5-Doors,11950,71
198,TOYOTA Corolla 1.9 D Sedan 4/5-Doors,11900,78
199,TOYOTA Corolla 2.0 D4D LIFTB SOL 4/5-Doors,14750,73
200,TOYOTA Corolla 1.4 16V VVT I HATCHB TERRA 2/3-Doors,9950,76
201,TOYOTA Corolla 1.6 16V VVT I LIFTB TERRA 4/5-Doors,11950,73
202,TOYOTA Corolla 1.6 16V VVT I LIFTB TERRA 4/5-Doors,11495,78
203,TOYOTA Corolla 1.4 VVTI Linea Terra 2/3-Doors,11250,74
204,TOYOTA Corolla 1.6 16V VVT I LIFTB LUNA 4/5-Doors,10500,76
205,TOYOTA Corolla 1.9 D HATCHB SOL 2/3-Doors,10450,69
206,TOYOTA Corolla 19D LB Linea Terra 4/5-Doors,12950,77
207,TOYOTA Corolla 1.6 16V VVT I HATCHB SOL 2/3-Doors,11500,78
208,TOYOTA Corolla 1.6 16V VVT I LIFTB TERRA 4/5-Doors,12500,74
209,TOYOTA Corolla 1.4 16V VVT I LIFTB TERRA 4/5-Doors,10950,77
210,TOYOTA Corolla 1.6 16V VVT I LIFTB SOL 4/5-Doors,11450,75
211,TOYOTA Corolla 1.6 16V VVT I LIFTB SOL 4/5-Doors,11950,71
212,TOYOTA Corolla 1.9 D WAGON TERRA Stationwagen,13250,75
213,TOYOTA Corolla 2.0 D4D LIFTB SOL 4/5-Doors,14750,74
214,TOYOTA Corolla 1.6 16V VVT I LIFTB LUNA AUT4 4/5-Doors,11790,68
215,TOYOTA Corolla 1.6 16V VVT I LIFTB TERRA 4/5-Doors,11450,74
216,TOYOTA Corolla 2.0 D4D HATCHB SOL 2/3-Doors,13500,67
217,TOYOTA Corolla 1.6 16V VVT I LIFTB LUNA 4/5-Doors,10950,67
218,TOYOTA Corolla 1.9 D HATCHB TERRA 2/3-Doors,13500,67
219,TOYOTA Corolla 1.4 16V VVT I HATCHB TERRA 2/3-Doors,10950,75
220,TOYOTA Corolla 1.4 16V VVT I HATCHB TERRA 2/3-Doors,10950,78
221,TOYOTA Corolla 1.6 16V VVT I LIFTB LUNA 4/5-Doors,12950,72
222,TOYOTA Corolla 1.6 Terra LB 4/5-Doors,11950,77
223,TOYOTA Corolla 1.6 HB LINEA SOL 4/5-Doors,12450,78
224,TOYOTA Corolla 1.6 16V VVT I LIFTB LUNA 4/5-Doors,11950,74
225,TOYOTA Corolla 1.6 16V VVT I SEDAN TERRA 4/5-Doors,14950,78
226,TOYOTA Corolla 1.6 16V VVT I LIFTB TERRA 4/5-Doors,12450,69
227,TOYOTA Corolla 1.6 16V VVT I WAGON BLUE Stationwagen,12950,72
228,TOYOTA Corolla 1.6 16V VVT I HATCHB TERRA 2/3-Doors,11950,69
229,TOYOTA Corolla 1.4 16V VVT I LIFTB LUNA 4/5-Doors,11690,68
230,TOYOTA Corolla 1.6 16V VVT I LIFTB SOL 4/5-Doors,12450,76
231,TOYOTA Corolla 1.4 16V VVT I LIFTB LUNA 4/5-Doors,12750,70
232,TOYOTA Corolla 1.4 16V VVT I HATCHB TERRA 2/3-Doors,11925,78
233,TOYOTA Corolla LIFTBACK 1.6-16v Linea Luna 4/5-Doors,12950,67
234,TOYOTA Corolla 1.4 16V VVT I HATCHB SOL 2/3-Doors,11950,76
235,TOYOTA Corolla 1.6 16V VVT I HATCHB SOL 2/3-Doors,12900,75
236,TOYOTA Corolla 1.6 16V VVT I LIFTB TERRA 4/5-Doors,11900,75
237,TOYOTA Corolla 1.6 16V VVT I LIFTB TERRA 4/5-Doors,11650,72
238,TOYOTA Corolla 1.6 VVTI Linea Terra liftback 4/5-Doors,10950,78
239,TOYOTA Corolla 1.9 D HB SOL 2/3-Doors,13950,69
240,TOYOTA Corolla 1.6 16V VVT I LIFTB SOL AUT4 4/5-Doors,13950,78
241,TOYOTA Corolla 1.6 VVT-i Linea Sol 4/5-Doors,11950,74
242,TOYOTA Corolla 1.6 16V VVT I LIFTB TERRA 4/5-Doors,10950,72
243,TOYOTA Corolla 1.6 16V VVT I HATCHB G6 2/3-Doors,12450,72
244,TOYOTA Corolla 1.6 16V VVT I HATCHB SOL 2/3-Doors,11950,77
245,TOYOTA Corolla 2.0 D4D HATCHB TERRA 2/3-Doors,13500,67
246,TOYOTA Corolla 1.6 16V VVT I LIFTB LUNA 4/5-Doors,11690,67
247,TOYOTA Corolla 1.6 16V VVT I LIFTB LUNA 4/5-Doors,13500,73
248,TOYOTA Corolla 1.6 16V HATCHB LINEA TERRA 2/3-Doors,11950,76
249,TOYOTA Corolla 1.6 16V VVT I SEDAN TERRA 4/5-Doors,12900,73
250,TOYOTA Corolla 1.6 16V WAGON LINEA TERRA Stationwagen,13500,77
251,TOYOTA Corolla 1.6 GL LB 4/5-Doors,11750,76
252,TOYOTA Corolla 1.6 16V VVT I LIFTB TERRA 4/5-Doors,11750,67
253,TOYOTA Corolla 1.6 16V VVT I SEDAN TERRA 4/5-Doors,10850,77
254,TOYOTA Corolla 1.6 16V VVT I LIFTB TERRA 4/5-Doors,11750,77
255,TOYOTA Corolla 1.6 16V VVT I LIFTB LUNA AUT4 4/5-Doors,14950,76
256,TOYOTA Corolla 1.6 Terra 5-Doors Liftback 4/5-Doors,9940,73
257,TOYOTA Corolla 1.6-16v Linea Terra LB 4/5-Doors,12900,76
258,TOYOTA Corolla 1.6I Luna liftback 4/5-Doors,13500,72
259,TOYOTA Corolla 1.4 16V VVT I HATCHB TERRA 2/3-Doors,11750,78
260,TOYOTA Corolla 1.4 16V VVT I HATCHB TERRA 2/3-Doors,11950,78
261,TOYOTA Corolla 1.6 16V VVT I LIFTB LUNA 4/5-Doors,13450,67
262,TOYOTA Corolla 1.4 16V VVT I HATCHB TERRA 2/3-Doors,11950,75
263,TOYOTA Corolla 1.6 16V VVT I WAGON TERRA Stationwagen,12495,73
264,TOYOTA Corolla 1.6 Linea Terra Sedan 4/5-Doors,13500,75
265,TOYOTA Corolla 1.6 16V VVT I LIFTB TERRA 4/5-Doors,12750,74
266,TOYOTA Corolla 1.4 16V VVT I LIFTB LUNA 4/5-Doors,12000,73
267,TOYOTA Corolla 1.6 16V VVT I LIFTB LUNA 4/5-Doors,11950,72
268,TOYOTA Corolla 1.6 16V VVT I LIFTB SOL 4/5-Doors,12495,78
269,TOYOTA Corolla 1.6 16V VVT I HATCHB TERRA 2/3-Doors,12450,68
270,TOYOTA Corolla 2.0 D4D LIFTB SOL 4/5-Doors,14750,74
271,TOYOTA Corolla 1.6 16V VVT I HATCHB TERRA 2/3-Doors,10950,73
272,TOYOTA Corolla 1.9 D HATCHB TERRA 2/3-Doors,13500,67
273,TOYOTA Corolla 1.6 16V VVT I WAGON TERRA Stationwagen,12950,72
274,TOYOTA Corolla 1.9 D HATCHB TERRA 2/3-Doors,13500,69
275,TOYOTA Corolla 1.6 16V VVT I SEDAN TERRA 4/5-Doors,13450,68
276,TOYOTA Corolla 1.6 Terra LB 4/5-Doors,13500,77
277,TOYOTA Corolla 1.6 16V VVT I WAGON TERRA Stationwagen,11480,75
278,TOYOTA Corolla 1.4 16V VVT I LIFTB LUNA 4/5-Doors,13450,73
279,TOYOTA Corolla 1.6 16V VVT I HATCHB TERRA 2/3-Doors,11495,73
280,TOYOTA Corolla 1.4 VVTI L.Terra HB 4/5-Doors,12750,77
281,TOYOTA Corolla 1.6 16V VVT I HATCHB G6 2/3-Doors,14990,72
282,TOYOTA Corolla 1.4 16V VVT I LIFTB LUNA 4/5-Doors,12950,69
283,TOYOTA Corolla 1.6 16V VVT I LIFTB SOL 4/5-Doors,12950,74
284,TOYOTA Corolla 1.4 LB LINEA TERRA 4/5-Doors,12850,73
285,TOYOTA Corolla 1.6 16V VVT I LIFTB LUNA AUT4 4/5-Doors,13950,74
286,TOYOTA Corolla 1.6 16V VVT I LIFTB TERRA 4/5-Doors,11950,75
287,TOYOTA Corolla 1.6 16V VVT I LIFTB LUNA 4/5-Doors,12950,73
288,TOYOTA Corolla 1.6 16V VVT I LIFTB TERRA 4/5-Doors,11700,74
289,TOYOTA Corolla 1.4 16V VVT I HATCHB TERRA 2/3-Doors,9950,71
290,TOYOTA Corolla 1.4 16V VVT I LIFTB TERRA 4/5-Doors,11895,78
291,TOYOTA Corolla 1.6 16V VVT I WAGON BLUE Stationwagen,12950,77
292,TOYOTA Corolla 1.6 16V VVT I HATCHB TERRA 2/3-Doors,12500,70
293,TOYOTA Corolla 1.6 16V VVT I LIFTB LUNA 4/5-Doors,13875,73
294,TOYOTA Corolla 1.6 16V HATCHB LINEA TERRA 2/3-Doors,10500,69
295,TOYOTA Corolla 1.6 16V VVT I LIFTB LUNA 4/5-Doors,12295,67
296,TOYOTA Corolla 1.6 16V VVT I LIFTB SOL 4/5-Doors,13950,76
297,TOYOTA Corolla 1.6 16V VVT I HATCHB TERRA 2/3-Doors,10950,72
298,TOYOTA Corolla 1.6 16V VVT I LIFTB TERRA 4/5-Doors,12950,78
299,TOYOTA Corolla 1.6 16V VVT I LIFTB SOL 4/5-Doors,12850,74
300,TOYOTA Corolla 1.6 16V VVT I LIFTB LUNA 4/5-Doors,13995,69
301,TOYOTA Corolla 1.6 16V VVT I HATCHB G6 2/3-Doors,13750,73
302,TOYOTA Corolla 1.6 16V VVT I LIFTB TERRA 4/5-Doors,12750,71
303,TOYOTA Corolla 1.6 16V VVT I HATCHB SOL 2/3-Doors,12500,75
304,TOYOTA Corolla 1.6 16V VVT I HATCHB G6 2/3-Doors,13950,77
305,TOYOTA Corolla 1.4 16V VVT I HATCHB TERRA 2/3-Doors,11500,73
306,TOYOTA Corolla 1.4 16V VVT I LIFTB TERRA 4/5-Doors,13950,78
307,TOYOTA Corolla 1.4 16V VVT I LIFTB TERRA 4/5-Doors,11895,75
308,TOYOTA Corolla 1.4 16V VVT I HATCHB TERRA 2/3-Doors,9950,78
309,TOYOTA Corolla 1.6 16v VVTi Terra Comfort 2/3-Doors,13500,76
310,TOYOTA Corolla 1.4 16V VVT I HATCHB TERRA 2/3-Doors,11450,71
311,TOYOTA Corolla 1.6 16V VVT I LIFTB LUNA 4/5-Doors,12450,76
312,TOYOTA Corolla 1.6 16V VVT I LIFTB SOL 4/5-Doors,12950,74
313,TOYOTA Corolla 1.6 16V VVT I LIFTB SOL 4/5-Doors,13995,78
314,TOYOTA Corolla 1.4 16V VVT I HATCHB TERRA 2/3-Doors,11750,76
315,TOYOTA Corolla 1.4 16V VVT I LIFTB LUNA 4/5-Doors,11650,73
316,TOYOTA Corolla 1.4 16V VVT I HATCHB SOL 2/3-Doors,9950,77
317,TOYOTA Corolla 1.6 16V VVT I LIFTB LUNA 4/5-Doors,13950,75
318,TOYOTA Corolla 1.6 16V VVT I LIFTB SOL 4/5-Doors,12950,78
319,TOYOTA Corolla 1.4 16V VVT I HATCHB TERRA 2/3-Doors,10950,72
320,TOYOTA Corolla 1.4 16V VVT I HATCHB TERRA 2/3-Doors,9900,76
321,TOYOTA Corolla 1.6 SDN LINEA TERRA 4/5-Doors,11950,78
322,TOYOTA Corolla 1.6 16V VVT I HATCHB G6 4/5-Doors,11990,74
323,TOYOTA Corolla 1.6 16V VVT I LIFTB LUNA 4/5-Doors,10750,70
324,TOYOTA Corolla 1.6 VVTi Linea terra 4/5-Doors,13950,71
325,TOYOTA Corolla 1.6 16V VVT I HATCHB TERRA 2/3-Doors,11250,78
326,TOYOTA Corolla 1.6 16V VVT I LIFTB LUNA 4/5-Doors,12950,73
327,TOYOTA Corolla 1.6 16V VVT I LIFTB TERRA 4/5-Doors,11950,75
328,TOYOTA Corolla 1.4 16V VVT I HATCHB TERRA 2/3-Doors,10950,76
329,TOYOTA Corolla 1.6 16V VVT I LIFTB LUNA 4/5-Doors,12950,67
330,TOYOTA Corolla 1.6 16V VVT I LIFTB LUNA 4/5-Doors,12950,69
331,TOYOTA Corolla 1.6 16V VVT I LIFTB TERRA 4/5-Doors,11695,77
332,TOYOTA Corolla 1.6v VVT-i Linea Sol 4/5-Doors,11000,75
333, TOYOTA Corolla 1.6 16V VVT I LIFTB SOL 4/5-Doors,13950,69
334,TOYOTA Corolla 1.6 16V VVT I LIFTB TERRA 4/5-Doors,11950,72
335,TOYOTA Corolla 1.6 16V VVT I HATCHB TERRA 2/3-Doors,11750,74
336,TOYOTA Corolla 1.4 16V VVT I LIFTB LUNA 4/5-Doors,12400,68
337,TOYOTA Corolla 1.6 16V VVT I HATCHB TERRA 2/3-Doors,12500,69
339,TOYOTA Corolla 1.6I LIFTBACK 4/5-Doors,12900,67
340,TOYOTA Corolla 1.6 16V VVT I HATCHB SOL 2/3-Doors,12200,75
341,TOYOTA Corolla 1.6 16V VVT I HATCHB TERRA 2/3-Doors,12750,77
342,TOYOTA Corolla 1.6 16V VVT I LIFTB TERRA 4/5-Doors,11950,76
343,TOYOTA Corolla Liftback 1.6 VVTI 4/5-Doors,11900,75
344,TOYOTA Corolla 1.6 16V VVT I HATCHB TERRA AUT4 2/3-Doors,11950,78
345,TOYOTA Corolla 1.6 16V VVT I HATCHB G6 2/3-Doors,14950,76
346, TOYOTA Corolla 1.4 16V VVT I LIFTB LUNA 4/5-Doors,11950,75
347,TOYOTA Corolla 1.6 16V VVT I LIFTB TERRA 4/5-Doors,12950,67
348, TOYOTA Corolla 1.6 16V VVT I HATCHB G6 4/5-Doors,14950,75
349,TOYOTA Corolla 1.6 16V VVT I HATCHB TERRA 2/3-Doors,13450,74
350,TOYOTA Corolla 1.6 16V VVT I LIFTB LUNA 4/5-Doors,13750,72
351,TOYOTA Corolla 1.6 16V VVT I HATCHB TERRA 2/3-Doors,12950,77
352, TOYOTA Corolla 1.6 Terra LB Comf. 4/5-Doors,12750,67
353,TOYOTA Corolla 1.4 16V VVT I LIFTB TERRA 4/5-Doors,11895,73
354, TOYOTA Corolla 1.4 16V VVT I LIFTB TERRA 4/5-Doors,9950,76
355,TOYOTA Corolla 1.6 16V VVT I LIFTB TERRA 4/5-Doors,12450,72
356,TOYOTA Corolla 1.4 16V VVT I LIFTB LUNA 4/5-Doors,12500,72
357,TOYOTA Corolla 1.6 16V VVT I HATCHB SOL 2/3-Doors,14950,77
358, TOYOTA Corolla 1.6 16V VVT I LIFTB SOL 4/5-Doors,13750,73
359,TOYOTA Corolla 1.6 16V VVT I SEDAN TERRA AUT4 4/5-Doors,12695,73
360,TOYOTA Corolla 1.6 16V VVT I HATCHB G6 2/3-Doors,14990,67
361, TOYOTA Corolla 1.6 16V VVT I LIFTB SOL 4/5-Doors,12750,77
362, TOYOTA Corolla 1.6 VVTi Terra Comfort 4/5-Doors,14350,75
363,TOYOTA Corolla 1.6 16V VVT I HATCHB TERRA 2/3-Doors,12950,73
364,TOYOTA Corolla 1.4 16V VVT I HATCHB TERRA 2/3-Doors,11500,69
365,TOYOTA Corolla 1.4 16V VVT I HATCHB TERRA 2/3-Doors,11950,75
366,TOYOTA Corolla 1.6 16V VVT I LIFTB LUNA 4/5-Doors,13450,74
367,TOYOTA Corolla 1.6 16V VVT I LIFTB LUNA 4/5-Doors,12900,72
368,TOYOTA Corolla 1.3 16V LIFTB LINEA TERRA 4/5-Doors,10500,75
369,TOYOTA Corolla 1.4 16V VVT I HATCHB TERRA 2/3-Doors,10950,69
370,TOYOTA Corolla 1.4 16V VVT I HATCHB TERRA 2/3-Doors,11950,75
371,TOYOTA Corolla 1.6 VVTI Linea Terra Comfort 4/5-Doors,11450,71
372, TOYOTA Corolla 1.6 16V VVT I LIFTB SOL 4/5-Doors,13250,78
373,TOYOTA Corolla 1.6 16V VVT I SEDAN TERRA 4/5-Doors,10250,73
374,TOYOTA Corolla 1.6 16V VVT I LIFTB TERRA 4/5-Doors,13995,69
375,TOYOTA Corolla 1.4 16V VVT I LIFTB TERRA 4/5-Doors,11950,74
376,TOYOTA Corolla 1.4 LB LINEA TERRA 4/5-Doors,13250,67
377,TOYOTA Corolla 1.6 16V VVT I LIFTB SOL 4/5-Doors,12950,74
378,TOYOTA Corolla 1.4 16V VVT I LIFTB LUNA 4/5-Doors,11750,72
379,TOYOTA Corolla 1.6 Linea Terra LB 4/5-Doors,11500,73
380,TOYOTA Corolla 1.4 VVTI LB 4/5-Doors,13500,77
381, TOYOTA Corolla 1.9 D HATCHB SOL 2/3-Doors,6500,87
382,TOYOTA Corolla 1.9 D SEDAN TERRA 4/5-Doors,6400,85
383,TOYOTA Corolla 1.9 D HATCHB TERRA 2/3-Doors,7000,87
384,TOYOTA Corolla 2.0 DSL SEDAN LINEA TERRA 4/5-Doors,7750,88
385,TOYOTA Corolla 1.9 D Sedan 4/5-Doors,8900,79
386,TOYOTA Corolla 1.6 VVTi Linea terra 2/3-Doors,8500,89
387,TOYOTA Corolla 2.0 DSL LIFTB LINEA TERRA 4/5-Doors,8950,88
388,TOYOTA Corolla 1.6 16V VVT I LIFTB SOL 4/5-Doors,9900,85
389,TOYOTA Corolla 1.9 D LIFTB LUNA 4/5-Doors,10250,87
390,TOYOTA Corolla 1.6 16V VVT I LIFTB TERRA 4/5-Doors,9250,82
391,TOYOTA Corolla 1.9 D WGN LINEA TERRA Stationwagen,7750,82
392, TOYOTA Corolla 1.9 D SEDAN TERRA 4/5-Doors,9450,88
393,TOYOTA Corolla 2.0 DSL LIFTB LINEA TERRA 4/5-Doors,7750,89
394,TOYOTA Corolla 1.9 D WAGON TERRA Stationwagen,8250,86
395,TOYOTA Corolla 1.6 16V VVT I WAGON TERRA Stationwagen,9950,83
396,TOYOTA Corolla 1.8D Stationwagen,4450,90
397, TOYOTA Corolla 1.6 16V VVT I HATCHB G6 2/3-Doors,9950,84
398,TOYOTA Corolla 1.6 16V VVT I LIFTB SOL 4/5-Doors,9000,82
399,TOYOTA Corolla 1.9 D LB LINEA SOL 4/5-Doors,9950,87
400,TOYOTA Corolla 2.0 D4D HATCHB TERRA 2/3-Doors,12450,81
401,TOYOTA Corolla 1.6 16V VVT I SEDAN TERRA 4/5-Doors,10500,89
402,TOYOTA Corolla 1.6 16V VVT I SEDAN TERRA 4/5-Doors,10750,88
403,TOYOTA Corolla 1.4 16V VVT I HATCHB TERRA 2/3-Doors,8950,87
404,TOYOTA Corolla 1.9 D LIFTB TERRA 4/5-Doors,10500,88
405,TOYOTA Corolla 2.0D 4/5-Doors,5150,90
406,TOYOTA Corolla 1.4 16V VVT I LIFTB TERRA 4/5-Doors,10950,83
407,TOYOTA Corolla 1.4 16V VVT I HATCHB TERRA 2/3-Doors,9450,86
408,TOYOTA Corolla 1.6 16V LIFTB LINEA LUNA 4/5-Doors,9950,88
409,TOYOTA Corolla 1.9 D WAGON TERRA Stationwagen,10950,85
410,TOYOTA Corolla 1.6 16V VVT I LIFTB SOL 4/5-Doors,11900,81
411,TOYOTA Corolla 1.4 16V VVT I LIFTB TERRA 4/5-Doors,9950,84
412,TOYOTA Corolla 1.6 16V VVT I LIFTB SOL 4/5-Doors,11950,88
413,TOYOTA Corolla 1.6 16v TERRA 4/5-Doors,7900,84
414, TOYOTA Corolla 1.6 16V VVT I HATCHB G6 2/3-Doors,10950,86
415,TOYOTA Corolla 1.9 D LIFTB TERRA 4/5-Doors,8950,82
416, TOYOTA Corolla 1.6 16V VVT I WAGON TERRA Stationwagen,11950,85
417,TOYOTA Corolla 1.6 HB SOL 2/3-Doors,10900,83
418, TOYOTA Corolla 1.6 16V VVT I LIFTB SOL 4/5-Doors,9950,89
419, TOYOTA Corolla 2.0 DSL HATCHB LINEA TERRA 2/3-Doors,9950,85
420,TOYOTA Corolla 1.6 16V VVT I LIFTB SOL 4/5-Doors,10950,88
421, TOYOTA Corolla 2.0 DSL HATCHB LINEA TERRA 2/3-Doors,8950,89
422, TOYOTA Corolla 1.3 16V HATCHB LINEA TERRA 2/3-Doors,8950,89
423,TOYOTA Corolla 1.6 16V VVT I HATCHB G6 2/3-Doors,10500,83
424,TOYOTA Corolla 1.4 16V VVT I HATCHB TERRA 2/3-Doors,8950,87
425,TOYOTA Corolla 1.9 D LIFTB TERRA 4/5-Doors,9250,87
426, TOYOTA Corolla LIFTBACK 1.4 VVT-i LINEA TERRA 4/5-Doors,11500,82
427, TOYOTA Corolla 1.6 16V VVT I WAGON TERRA Stationwagen,9750,86
428, TOYOTA Corolla 1.6 16V VVT I HATCHB TERRA 2/3-Doors,9950,79
429, TOYOTA Corolla 1.6 16V VVT I HATCHB SOL 2/3-Doors,11450,83
430,TOYOTA Corolla 1.6 VVT-i L. Sol Wagon Stationwagen,12500,88
431,TOYOTA Corolla 1.6 16V VVT I LIFTB TERRA 4/5-Doors,10500,84
432,TOYOTA Corolla 1.6 16V VVT I WAGON TERRA Stationwagen,12950,84
433, TOYOTA Corolla 1.6 16V VVT I HATCHB TERRA 2/3-Doors,12200,84
434,TOYOTA Corolla 1.4 16V VVT I HATCHB SOL 2/3-Doors,10950,84
435, TOYOTA Corolla 1.6 LB LINEA SOL 4/5-Doors,10950,88
436,TOYOTA Corolla 1.6 16V VVT I HATCHB TERRA AUT4 2/3-Doors,11290,83
437,TOYOTA Corolla 1.4 VVT-i Linea Sol HB 2/3-Doors,10750,83
438,TOYOTA Corolla 1.6 16V VVT I LIFTB TERRA 4/5-Doors,10895,87
439, TOYOTA Corolla 1.6 16V VVT I LIFTB TERRA 4/5-Doors,11500,81
440, TOYOTA Corolla 1.6 16V VVT I LIFTB TERRA 4/5-Doors,9750,82
441,TOYOTA Corolla 1.6 16V VVT I HATCHB TERRA 2/3-Doors,10250,89
442,TOYOTA Corolla 1.6 16V VVT I SEDAN TERRA 4/5-Doors,12500,83
443, TOYOTA Corolla 1.6 16V VVT I SEDAN TERRA 4/5-Doors,11950,88
444,TOYOTA Corolla 1.4 16V VVT I LIFTB TERRA 4/5-Doors,10750,84
445, TOYOTA Corolla 1.6 16V VVT I SEDAN TERRA 4/5-Doors,11450,80
446,TOYOTA Corolla 1.6 16V VVT I LIFTB SOL 4/5-Doors,11950,88
447,TOYOTA Corolla 1.6 G6 HB 2/3-Doors,11750,82
448, TOYOTA Corolla 1.6 16V VVT I SEDAN TERRA AUT4 4/5-Doors,10950,84
449, TOYOTA Corolla 1.6 16V VVT I LIFTB SOL 4/5-Doors,11950,89
450, TOYOTA Corolla 1.9 D HATCHB TERRA 2/3-Doors,10995,83
451,TOYOTA Corolla 1.4 16V VVT I HATCHB TERRA 2/3-Doors,11450,90
452, TOYOTA Corolla 1.6 16V VVT I LIFTB TERRA 4/5-Doors,8900,83
453,TOYOTA Corolla 1.6 4/5-Doors,10500,84
454,TOYOTA Corolla 1.6 16V VVT I LIFTB TERRA 4/5-Doors,11750,81
455, TOYOTA Corolla 1.4 16V VVT I HATCHB SOL 2/3-Doors,11450,83
456,TOYOTA Corolla 1.6 16V VVT I HATCHB G6 2/3-Doors,12000,86
457,TOYOTA Corolla 1.6 16V VVT I HATCHB TERRA AUT4 2/3-Doors,11950,84
458, TOYOTA Corolla 1.4 16V VVT I HATCHB TERRA 2/3-Doors,9850,87
459, TOYOTA Corolla 1.6 16V VVT I SEDAN TERRA 4/5-Doors,10950,88
460,TOYOTA Corolla 1.6 16V VVT I LIFTB SOL 4/5-Doors,10950,88
461,TOYOTA Corolla 1.9 D Linea Terra 2/3-Doors,8695,84
462,TOYOTA Corolla 1.6 16V VVT I HATCHB TERRA 2/3-Doors,10990,87
463,TOYOTA Corolla 1.4 16V VVT I HATCHB TERRA 2/3-Doors,9500,89
464, TOYOTA Corolla 1.3 16V HATCHB G6 2/3-Doors,11950,83
465,TOYOTA Corolla 1.4 16V VVT I LIFTB SOL 4/5-Doors,10750,80
466, TOYOTA Corolla 1.9 D LIFTB TERRA 4/5-Doors,8750,81
467,TOYOTA Corolla 1.6 16V VVT I SEDAN TERRA 4/5-Doors,8750,83
468,TOYOTA Corolla 2.0 DSL HATCHB LINEA TERRA 2/3-Doors,11450,89
469,TOYOTA Corolla 1.4 16V VVT I HATCHB TERRA 2/3-Doors,9950,80
470,TOYOTA Corolla 1.6 16V WAGON LINEA LUNA Stationwagen,11950,90
471, TOYOTA Corolla 1.6 16V VVT I WAGON TERRA Stationwagen,13950,86
472, TOYOTA Corolla 1.6 16V VVT I HATCHB G6 4/5-Doors,11250,88
473,TOYOTA Corolla 1.4 16V VVT I LIFTB TERRA 4/5-Doors,10900,84
474,TOYOTA Corolla 1.4 16V VVT I HATCHB TERRA 2/3-Doors,9750,90
475,TOYOTA Corolla 1.4 16V VVT I HATCHB TERRA 2/3-Doors,9950,86
476,TOYOTA Corolla 1.6 sol lb 4/5-Doors,11950,90
477,TOYOTA Corolla 1.6 16V VVT I HATCHB TERRA 2/3-Doors,10450,82
478,TOYOTA Corolla 1.4 16V VVT I HATCHB TERRA 2/3-Doors,8950,88
479,TOYOTA Corolla 1.6 16V VVT I LIFTB TERRA 4/5-Doors,10250,88
480,TOYOTA Corolla 1.6 16V VVT I SEDAN TERRA 4/5-Doors,9930,87
481, TOYOTA Corolla 1.6 16V HATCHB LINEA TERRA 2/3-Doors,10500,88
482,TOYOTA Corolla 1.6 SDN LINEA SOL 4/5-Doors,11950,88
483,TOYOTA Corolla 1.9 D Wagon Stationwagen,11500,82
484,TOYOTA Corolla 1.6 SDN LINEA SOL 4/5-Doors,11500,89
485,TOYOTA Corolla 1.6 16V VVT I LIFTB SOL 4/5-Doors,11450,88
486, TOYOTA Corolla 1.6 16V HATCHB LINEA TERRA 2/3-Doors,9900,90
487,TOYOTA Corolla 1.4 16V VVT I HATCHB TERRA 2/3-Doors,9500,88
488, TOYOTA Corolla 1.4 16V VVT I LIFTB TERRA 4/5-Doors,10500,84
489, TOYOTA Corolla 1.6 VVTI Linea Terra liftback 4/5-Doors,10750,84
490,TOYOTA Corolla LIFTBACK 1.9 D Linea Terra 4/5-Doors,8950,88
491, TOYOTA Corolla 1.6 16V HATCHB S 2/3-Doors,12000,90
492,TOYOTA Corolla ! 1.6-16v vvt-i sol airco sedan 4/5-Doors,9940,87
493, TOYOTA Corolla 1.6 16V VVT I SEDAN TERRA 4/5-Doors,10950,81
494, TOYOTA Corolla 1.6 16V VVT I LIFTB TERRA 4/5-Doors,10750,88
495, TOYOTA Corolla 1.4 VVTI Linea Terra 2/3-Doors,9799,85
496,TOYOTA Corolla 1.4 VVT-i Linea Luna liftback 4/5-Doors,11750,85
497,TOYOTA Corolla 1.6 16V VVT I SEDAN TERRA 4/5-Doors,11950,88
498,TOYOTA Corolla 1.6 16V VVT I HATCHB SOL 2/3-Doors,11250,86
499, TOYOTA Corolla 1.6 16V LIFTB LINEA LUNA 4/5-Doors,11750,88
500,TOYOTA Corolla 1.6 16V HATCHB S 2/3-Doors,10950,89
501, TOYOTA Corolla 1.6 16V VVT I LIFTB SOL 4/5-Doors,11250,90
502,TOYOTA Corolla 1.4 16V VVT I HATCHB TERRA 2/3-Doors,9950,87
503,TOYOTA Corolla 1.6 16V VVT I LIFTB SOL 4/5-Doors,9700,85
504, TOYOTA Corolla 1.6 SDN LINEA SOL 4/5-Doors,11950,81
505, TOYOTA Corolla 1.6 16V VVT I HATCHB TERRA 2/3-Doors,9900,87
506,TOYOTA Corolla 1.6 16V VVT I HATCHB SOL 2/3-Doors,9990,89
507, TOYOTA Corolla 1.4 16V VVT I HATCHB TERRA 2/3-Doors,9475,82
508,TOYOTA Corolla 1.6 16V VVT I LIFTB TERRA 4/5-Doors,11500,88
509,TOYOTA Corolla 1.6 VVTI Linea Sol Sedan 4/5-Doors,11950,87
510, TOYOTA Corolla 1.4 16V VVT I LIFTB TERRA 4/5-Doors,11500,89
511,TOYOTA Corolla 1.6 16V VVT I LIFTB TERRA 4/5-Doors,10500,84
512, TOYOTA Corolla 1.4 16V VVT I LIFTB TERRA 4/5-Doors,10900,80
513, TOYOTA Corolla 1.4 16V VVT I LIFTB TERRA 4/5-Doors,11700,86
514,TOYOTA Corolla 1.6 16v Liftback Linea So 4/5-Doors,11900,85
515, TOYOTA Corolla 1.6 16V VVT I WAGON TERRA Stationwagen,13950,85
516, TOYOTA Corolla 1.4 16V VVT I HATCHB TERRA 2/3-Doors,10950,83
517,TOYOTA Corolla 1.4 16V VVT I HATCHB TERRA 2/3-Doors,10500,90
518,TOYOTA Corolla 1.4 HB LINEA TERRA 2/3-Doors,10750,89
519,TOYOTA Corolla 1.6 16V LIFTB LINEA TERRA 4/5-Doors,11950,89
520,TOYOTA Corolla 1.4 16V VVT I HATCHB TERRA 2/3-Doors,10000,90
521, TOYOTA Corolla 1.4 16V VVT I LIFTB TERRA 4/5-Doors,10495,82
522,TOYOTA Corolla 1.6 16V VVT I LIFTB SOL 4/5-Doors,11450,84
523, TOYOTA Corolla 1.4 16V VVT I HATCHB TERRA 2/3-Doors,9400,88
524,TOYOTA Corolla 1.3 G6 liftback 4/5-Doors,11950,85
525,TOYOTA Corolla 1.6 16V VVT I LIFTB TERRA 4/5-Doors,9650,87
526, TOYOTA Corolla 1.6 HB LINEA TERRA 2/3-Doors,18950,83
527, TOYOTA Corolla 1.6 16V VVT I HATCHB G6 2/3-Doors,11450,85
528,TOYOTA Corolla 1.6 16V HATCHB LINEA TERRA 2/3-Doors,10250,86
529,TOYOTA Corolla 1.6 16V VVT I HATCHB SOL 2/3-Doors,11450,82
530,TOYOTA Corolla 1.4 16V VVT I HATCHB TERRA 2/3-Doors,9950,88
531, TOYOTA Corolla 1.6 16V VVT I HATCHB G6 2/3-Doors,10500,90
532,TOYOTA Corolla 1.6 16V VVT I LIFTB SOL 4/5-Doors,13750,88
533,TOYOTA Corolla 1.4 16V VVT I HATCHB TERRA 2/3-Doors,9950,82
534,TOYOTA Corolla 1.6 16V VVT I SEDAN TERRA 4/5-Doors,10250,88
535, TOYOTA Corolla 1.6 16V VVT I HATCHB G6 2/3-Doors,10850,88
536, TOYOTA Corolla 1.6 16V VVT I WAGON TERRA Stationwagen,11895,86
537,TOYOTA Corolla 1.6 16V VVT I HATCHB G6 2/3-Doors,12950,87
538,TOYOTA Corolla 1.6 16V VVT I LIFTB SOL 4/5-Doors,11950,84
539, TOYOTA Corolla 1.6 16V LIFTB LINEA TERRA 4/5-Doors,10750,90
540, TOYOTA Corolla 1.4 16V VVT I LIFTB TERRA 4/5-Doors,9550,88
541, TOYOTA Corolla 1.3 Linea Terra liftback 4/5-Doors,10950,90
542,TOYOTA Corolla 1.6 16V VVT I SEDAN TERRA 4/5-Doors,11750,86
543, TOYOTA Corolla LIFTBACK 1.6 Linea terra 4/5-Doors,10950,81
544,TOYOTA Corolla 1.6 16V VVT I HATCHB G6 2/3-Doors,12450,88
545, TOYOTA Corolla 1.6 16V VVT I SEDAN TERRA 4/5-Doors,10500,86
546, TOYOTA Corolla 1.4 16V VVT I HATCHB TERRA 2/3-Doors,10900,84
547, TOYOTA Corolla 1.6 16V VVT I WAGON TERRA Stationwagen,12950,84
548,TOYOTA Corolla 1.4 16V VVT I LIFTB TERRA 4/5-Doors,10950,81
549,TOYOTA Corolla 1.6 16V VVT I LIFTB SOL 4/5-Doors,12500,90
550, TOYOTA Corolla 1.4 16V VVT I HATCHB TERRA 2/3-Doors,9950,89
551,TOYOTA Corolla 1.3 16V HATCHB G6 2/3-Doors,10750,90
552, TOYOTA Corolla 1.4 16V VVT I HATCHB SOL 2/3-Doors,12500,82
554,TOYOTA Corolla 1.6 Hatchback 2/3-Doors,10450,83
555,TOYOTA Corolla 1.4 16V VVT I HATCHB TERRA 2/3-Doors,10750,86
556, TOYOTA Corolla 1.6 VVT-i Linea Sol 4/5-Doors,12950,83
557,TOYOTA Corolla 1.4 16V VVT I LIFTB TERRA 4/5-Doors,10995,84
558,TOYOTA Corolla 1.6 16V VVT I HATCHB SOL AUT4 2/3-Doors,11950,83
559,TOYOTA Corolla 1.4 16V VVT I LIFTB TERRA 4/5-Doors,11250,84
560,TOYOTA Corolla 1.6 16V VVT I HATCHB G6 4/5-Doors,11950,81
561,TOYOTA Corolla 1.3 16V LIFTB G6 4/5-Doors,13750,88
562, TOYOTA Corolla 1.6 16V VVT I LIFTB SOL 4/5-Doors,11000,81
563,TOYOTA Corolla 1.6 16V VVT I LIFTB SOL 4/5-Doors,13500,84
564, TOYOTA Corolla 1.6 16V VVT I HATCHB TERRA 2/3-Doors,10950,88
565, TOYOTA Corolla 1.4 16V VVT I HATCHB TERRA 2/3-Doors,10750,88
566,TOYOTA Corolla 1.4 16V VVT I HATCHB TERRA 2/3-Doors,8950,81
567,TOYOTA Corolla 1.6 16V VVT I HATCHB G6 2/3-Doors,12950,85
568, TOYOTA Corolla 1.4 16V VVT I HATCHB TERRA 2/3-Doors,9750,90
569,TOYOTA Corolla 1.4 16V VVT I HATCHB TERRA 2/3-Doors,10900,88
570, TOYOTA Corolla 1.6 16V VVT I SEDAN TERRA 4/5-Doors,10995,89
571,TOYOTA Corolla 1.4 16V VVT I LIFTB SOL 4/5-Doors,10750,82
572, TOYOTA Corolla 1.6 16V VVT I LIFTB TERRA 4/5-Doors,10950,86
573,TOYOTA Corolla 1.6 16V VVT I LIFTB SOL 4/5-Doors,13000,83
574, TOYOTA Corolla 1.6 16V VVT I HATCHB TERRA AUT4 2/3-Doors,12950,79
575,TOYOTA Corolla 1.6 16V VVT I LIFTB TERRA 4/5-Doors,11500,86
576, TOYOTA Corolla 1.4 16V VVT I HATCHB TERRA 2/3-Doors,10950,90
577,TOYOTA Corolla 1.6 16V HATCHB LINEA LUNA 2/3-Doors,11710,82
578,TOYOTA Corolla 1.4 16V VVT I HATCHB TERRA 2/3-Doors,9980,83
579,TOYOTA Corolla 1.6 16V VVT I WAGON TERRA Stationwagen,12250,85
580, TOYOTA Corolla 1.6 16V VVT I LIFTB TERRA 4/5-Doors,11500,80
581,TOYOTA Corolla 1.6 16v Liftback Linea Sol 4/5-Doors,11950,90
582,TOYOTA Corolla 1.6 16V HATCHB LINEA TERRA 2/3-Doors,11500,89
583,TOYOTA Corolla 1.6 16V VVT I LIFTB SOL 4/5-Doors,11900,80
584, TOYOTA Corolla 1.4 16V VVT I HATCHB SOL 2/3-Doors,11930,83
585,TOYOTA Corolla 1.4 16V VVT I HATCHB TERRA 2/3-Doors,10500,86
586,TOYOTA Corolla 1.4 HB Terra 2/3-Doors,8950,90
587,TOYOTA Corolla 1.4 16V VVT I LIFTB TERRA 4/5-Doors,10450,80
588, TOYOTA Corolla 1.3 16V WAGON LINEA TERRA Stationwagen,10500,89
589,TOYOTA Corolla 1.6 16V VVT I HATCHB SOL AUT4 2/3-Doors,12950,84
590, TOYOTA Corolla 1.3 16V HATCHB G6 2/3-Doors,9950,89
591, TOYOTA Corolla 1.6 16V VVT I HATCHB G6 2/3-Doors,12900,86
592,TOYOTA Corolla 1.4 HB LINEA TERRA 2/3-Doors,9950,82
593,TOYOTA Corolla 1.4 16V VVT I HATCHB TERRA 2/3-Doors,9950,89
594, TOYOTA Corolla 1.6 16V VVT I HATCHB TERRA 2/3-Doors,10950,82
595,TOYOTA Corolla 1.4 16V VVT I LIFTB TERRA 4/5-Doors,10950,87
596, TOYOTA Corolla 1.4 16V VVT I HATCHB TERRA 2/3-Doors,9950,81
597,TOYOTA Corolla LIFTBACK 1.4 16V VVTI TERRA 4/5-Doors,10950,84
598,TOYOTA Corolla 1.4 16V VVT I HATCHB TERRA 2/3-Doors,10800,84
599, TOYOTA Corolla 1.4 16V VVT I HATCHB TERRA 2/3-Doors,10500,90
600, TOYOTA Corolla 1.6 SDN LINEA TERRA 4/5-Doors,10450,84
601, TOYOTA Corolla 1.4 16V VVT I HATCHB TERRA 2/3-Doors,10600,85
602,TOYOTA Corolla 1.4 16V VVT I HATCHB TERRA 2/3-Doors,10450,82
603, TOYOTA Corolla 1.4 16V VVT I LIFTB SOL 4/5-Doors,12950,84
604,TOYOTA Corolla 1.6 16V VVT I HATCHB TERRA AUT4 2/3-Doors,11250,81
605,TOYOTA Corolla 2.0 d HB Diesel 2/3-Doors,7500,84
606,TOYOTA Corolla 1.4 VVT-i Terra 2/3-Doors,8950,86
607,TOYOTA Corolla 2.0 DSL SEDAN LINEA TERRA 4/5-Doors,6950,92
608,TOYOTA Corolla 2.0 DSL HATCHB LINEA TERRA 2/3-Doors,7900,102
609,TOYOTA Corolla 1.3 16V SEDAN LINEA TERRA 4/5-Doors,5950,102
610,TOYOTA Corolla 2.0 DSL HATCHB LINEA TERRA 2/3-Doors,7500,93
611,TOYOTA Corolla 2.0 DSL LIFTB LINEA LUNA 4/5-Doors,7500,96
612,TOYOTA Corolla 2.0 DSL HATCHB LINEA TERRA 2/3-Doors,6900,99
613,TOYOTA Corolla 2.0 DSL SEDAN LINEA TERRA 4/5-Doors,5751,101
614,TOYOTA Corolla 1.3 16V HATCHB LINEA TERRA 2/3-Doors,6950,102
615,TOYOTA Corolla 1.6 Linea Terra Comfort 4/5-Doors,7950,101
616,TOYOTA Corolla 2.0 DSL HATCHB LINEA LUNA 2/3-Doors,7750,93
617,TOYOTA Corolla 2.0 DSL LIFTB LINEA TERRA 4/5-Doors,7950,98
618,TOYOTA Corolla 1.6 16V HATCHB G6 2/3-Doors,8250,98
619,TOYOTA Corolla 2.0diesel Stationwagen,6250,101
620,TOYOTA Corolla 2.0 DSL LIFTB LINEA TERRA 4/5-Doors,9500,96
621,TOYOTA Corolla 2.0D TERRA LIFTBACK 4/5-Doors,6900,93
622,TOYOTA Corolla 1.6 16V G6 2/3-Doors,8450,98
623,TOYOTA Corolla 2.0 DSL HATCHB LINEA TERRA 2/3-Doors,7350,99
624,TOYOTA Corolla 1.6 16V WAGON LINEA TERRA Stationwagen,8950,102
625,TOYOTA Corolla 2.0 DSL HATCHB LINEA TERRA 2/3-Doors,6900,94
626,TOYOTA Corolla 1.6 16V HATCHB LINEA TERRA 2/3-Doors,8950,93
627,TOYOTA Corolla 1.6 16V HATCHB G6 2/3-Doors,8750,95
628,TOYOTA Corolla 1.6 16V LIFTB LINEA LUNA 4/5-Doors,7950,101
629,TOYOTA Corolla 2.0 DSL HATCHB LINEA LUNA 2/3-Doors,8950,98
630,TOYOTA Corolla 2.0 DSL LIFTB LINEA TERRA 4/5-Doors,8950,92
631,TOYOTA Corolla 2.0 DSL LIFTB LINEA TERRA 4/5-Doors,8950,99
632,TOYOTA Corolla 2.0 DSL LIFTB LINEA TERRA 4/5-Doors,7950,98
633,TOYOTA Corolla 1.6 16V HATCHB S 2/3-Doors,7750,94
634,TOYOTA Corolla 2.0D XL Sedan 4/5-Doors,7500,93
635,TOYOTA Corolla 2.0 DSL LIFTB LINEA TERRA 4/5-Doors,8950,101
636,TOYOTA Corolla 2.0 DSL LIFTB LINEA TERRA 4/5-Doors,9800,101
637,TOYOTA Corolla 1.6 16V WAGON LINEA TERRA Stationwagen,9450,100
638,TOYOTA Corolla Sw 20D Linea Terra Stationwagen,8950,96
639,TOYOTA Corolla 2.0 DSL HATCHB LINEA TERRA 2/3-Doors,8750,102
640,TOYOTA Corolla 2.0 DSL LIFTB LINEA TERRA 4/5-Doors,10500,95
641,TOYOTA Corolla 1.3 16V WAGON LINEA TERRA Stationwagen,7995,93
642,TOYOTA Corolla 1.6 16V WAGON LINEA LUNA Stationwagen,10450,98
643,TOYOTA Corolla 2.0 DSL SEDAN LINEA TERRA 4/5-Doors,9950,100
644,TOYOTA Corolla 1.6 16V HATCHB LINEA LUNA 2/3-Doors,9950,102
645,TOYOTA Corolla 1.6 VVT-i Linea Terra Comfort 4/5-Doors,8950,102
646,TOYOTA Corolla 1.6 16V SEDAN LINEA TERRA 4/5-Doors,7950,102
647,TOYOTA Corolla 1.6 16V HATCHB G6 2/3-Doors,10950,91
648,TOYOTA Corolla 2.0 DSL WAGON LINEA TERRA Stationwagen,9950,98
649,TOYOTA Corolla 1.6 16V SEDAN LINEA TERRA AUT4 4/5-Doors,8600,102
650,TOYOTA Corolla 1.3 16V HATCHB LINEA TERRA 2/3-Doors,7250,99
651,TOYOTA Corolla 2.0 DSL HATCHB LINEA TERRA 2/3-Doors,6950,102
652,TOYOTA Corolla 1.3 16V LIFTB G6 4/5-Doors,8000,98
653,TOYOTA Corolla 1.6 16V LIFTB LINEA TERRA 4/5-Doors,9950,92
654,TOYOTA Corolla 1.6 16V SEDAN LINEA TERRA 4/5-Doors,9450,94
655,TOYOTA Corolla 1.6 16V HATCHB LINEA LUNA 2/3-Doors,7950,102
656,TOYOTA Corolla 1.6 G6-R 2/3-Doors,9450,97
657,TOYOTA Corolla 1.6 16V LIFTB LINEA LUNA 4/5-Doors,9950,98
658,TOYOTA Corolla 2.0 D Linea Terra 3d 2/3-Doors,6950,99
659,TOYOTA Corolla 1.6 16v Liftback Linea Terra 4/5-Doors,8250,93
660,TOYOTA Corolla 1.3 16V HATCHB LINEA LUNA 2/3-Doors,9950,101
661,TOYOTA Corolla 1.3 16V LIFTB LINEA LUNA 4/5-Doors,8250,93
662,TOYOTA Corolla 1.6 16V LIFTB LINEA TERRA 4/5-Doors,9950,102
663,TOYOTA Corolla 1.6 16V HATCHB G6 R 2/3-Doors,10500,100
664,TOYOTA Corolla 2.0 SDN LINEA TERRA DSL 4/5-Doors,7950,96
665,TOYOTA Corolla 1.6 16V HATCHB G6 2/3-Doors,9750,99
666,TOYOTA Corolla 1.6 16V LIFTB LINEA TERRA 4/5-Doors,9250,95
667,TOYOTA Corolla 1.6 Linea Luna 2/3-Doors,9500,102
668,TOYOTA Corolla 1.6 16V LIFTB LINEA LUNA 4/5-Doors,9950,96
669,TOYOTA Corolla 1.6 16V HATCHB LINEA TERRA 2/3-Doors,7750,97
670,TOYOTA Corolla 1.6 16V LIFTB LINEA LUNA 4/5-Doors,9500,102
671,TOYOTA Corolla 1.6 16V SEDAN LINEA TERRA 4/5-Doors,9950,101
672,TOYOTA Corolla 1.6 HB LINEA LUNA AUT 2/3-Doors,9750,98
673,TOYOTA Corolla 1.3 16V LIFTB LINEA LUNA 4/5-Doors,9750,92
674,TOYOTA Corolla 1.3 16V Linea Terra 2/3-Doors,5950,93
675,TOYOTA Corolla 1.3 16V LIFTB G6 4/5-Doors,8500,96
676,TOYOTA Corolla 1.6 16V WAGON LINEA TERRA Stationwagen,8495,102
677,TOYOTA Corolla 1.3 16V HATCHB LINEA LUNA 2/3-Doors,9250,101
678,TOYOTA Corolla 1.3 LIN. Terra 2/3-Doors,6900,102
679,TOYOTA Corolla 1.3 16V HATCHB G6 2/3-Doors,8950,92
680,TOYOTA Corolla 1.6 16V LIFTB LINEA LUNA 4/5-Doors,9500,97
681,TOYOTA Corolla 1.3 16V WAGON LINEA LUNA Stationwagen,9250,97
682,TOYOTA Corolla 1.6 16V WAGON LINEA LUNA Stationwagen,9895,102
683,TOYOTA Corolla 2.0 LB LINEA TERRA D 4/5-Doors,9950,91
684,TOYOTA Corolla 1.6 16V HATCHB LINEA TERRA 2/3-Doors,7950,95
685,TOYOTA Corolla 1.6 16V LIFTB LINEA LUNA 4/5-Doors,8750,102
686,TOYOTA Corolla 2.0 DSL HATCHB LINEA TERRA 2/3-Doors,8250,91
687,TOYOTA Corolla 1.6 16V HATCHB G6 2/3-Doors,8950,97
688,TOYOTA Corolla 1.6 16V LIFTB LINEA LUNA 4/5-Doors,8950,102
689,TOYOTA Corolla 1.6 16V LIFTB LINEA TERRA 4/5-Doors,8950,95
690,TOYOTA Corolla 1.6 16V LIFTB LINEA LUNA 4/5-Doors,8950,99
691,TOYOTA Corolla 1.6 16V WAGON LINEA TERRA Stationwagen,9450,101
692,TOYOTA Corolla 1.3 16V HATCHB LINEA LUNA 2/3-Doors,8950,93
693,TOYOTA Corolla 1.6 16V LIFTB LINEA LUNA 4/5-Doors,9250,99
694,TOYOTA Corolla 1.3 Linea Terra sedan Comf. 4/5-Doors,8750,98
695,TOYOTA Corolla 1.6 16V HATCHB G6 2/3-Doors,9950,95
696,TOYOTA Corolla 1.6 16V LIFTB LINEA LUNA 4/5-Doors,9950,95
697,TOYOTA Corolla 1.3 16V HATCHB LINEA TERRA 2/3-Doors,9900,99
698,TOYOTA Corolla 1.3 16V SEDAN LINEA TERRA 4/5-Doors,8950,100
699,TOYOTA Corolla 1.6 16V HATCHB LINEA TERRA 2/3-Doors,8950,101
700,TOYOTA Corolla 2.0 DSL SEDAN LINEA TERRA 4/5-Doors,12250,94
701,TOYOTA Corolla 1.6 Linea Terra LB 4/5-Doors,9250,101
702,TOYOTA Corolla 1.6 HB Linea Luna 2/3-Doors,10250,95
703,TOYOTA Corolla 1.6 16V HATCHB LINEA TERRA 2/3-Doors,8950,102
704,TOYOTA Corolla 1.6-16v Linea Terra 2/3-Doors,7999,99
705,TOYOTA Corolla 1.6 G6R HB 2/3-Doors,9900,100
706,TOYOTA Corolla 1.3 16V SEDAN LINEA TERRA 4/5-Doors,8250,97
707,TOYOTA Corolla 1.6 16V LIFTB LINEA LUNA 4/5-Doors,10500,99
708,TOYOTA Corolla 1.3 16V HATCHB LINEA TERRA 2/3-Doors,8450,99
709,TOYOTA Corolla 1.6 16V WAGON LINEA LUNA Stationwagen,9900,102
710,TOYOTA Corolla 1.6 16V LIFTB LINEA LUNA 4/5-Doors,10500,96
711,TOYOTA Corolla 2.0 DSL SEDAN LINEA TERRA 4/5-Doors,8500,101
712,TOYOTA Corolla 1.6 16V HATCHB LINEA TERRA 2/3-Doors,9500,95
713,TOYOTA Corolla 1.6 16V HATCHB G6 R 2/3-Doors,9450,99
714,TOYOTA Corolla 2.0 DSL HATCHB LINEA TERRA 2/3-Doors,9900,102
715,TOYOTA Corolla 1.6 16V HATCHB LINEA TERRA 2/3-Doors,8250,98
716,TOYOTA Corolla 1.3 16V HATCHB LINEA TERRA 2/3-Doors,8750,99
717,TOYOTA Corolla 1.6 16V LIFTB LINEA LUNA 4/5-Doors,9500,92
718,TOYOTA Corolla 1.6 16V HATCHB LINEA TERRA 2/3-Doors,8450,102
719,TOYOTA Corolla 1.6 16V HATCHB LINEA TERRA 2/3-Doors,8490,96
720,TOYOTA Corolla 1.6 Linea Terra Sedan 4/5-Doors,8750,94
721,TOYOTA Corolla 1.3 16V HATCHB G6 2/3-Doors,9750,98
722,TOYOTA Corolla 1.6 Linea Luna Wagon Stationwagen,9950,97
723,TOYOTA Corolla 1.6 16V HATCHB LINEA TERRA 2/3-Doors,8500,102
724,TOYOTA Corolla 1.6 16V LIFTB LINEA TERRA 4/5-Doors,8450,97
725,TOYOTA Corolla 1.6 16V SEDAN LINEA LUNA 4/5-Doors,7900,96
726,TOYOTA Corolla 1.6 16V HATCHB LINEA TERRA 2/3-Doors,8750,91
727,TOYOTA Corolla 1.3 16V HATCHB LINEA TERRA 2/3-Doors,7950,95
728,TOYOTA Corolla 1.3 16V HATCHB LINEA LUNA 2/3-Doors,6900,96
729,TOYOTA Corolla 1.3 16V HATCHB LINEA TERRA 2/3-Doors,8150,99
730,TOYOTA Corolla 1.3 16V LIFTB LINEA TERRA AUT3 4/5-Doors,10995,93
731,TOYOTA Corolla 1.6 16V HATCHB LINEA TERRA 2/3-Doors,8900,93
732,TOYOTA Corolla 1.3 16V LIFTB LINEA LUNA 4/5-Doors,9500,93
733,TOYOTA Corolla 1.6 16V SEDAN LINEA TERRA 4/5-Doors,8950,102
734,TOYOTA Corolla 1.6 G6 HB 2/3-Doors,11500,99
735,TOYOTA Corolla 1.6 Terra HB 2/3-Doors,10450,96
736,TOYOTA Corolla 1.3 16V HATCHB G6 2/3-Doors,10500,94
737,TOYOTA Corolla 1.6 16V SEDAN LINEA TERRA 4/5-Doors,9250,102
738, TOYOTA Corolla 1.6 16v Linea Luna Stationwagen,10950,99
739,TOYOTA Corolla 1.6 16V LIFTB LINEA LUNA 4/5-Doors,10450,96
740,TOYOTA Corolla 1.6 16V LIFTB LINEA LUNA 4/5-Doors,9250,102
741,TOYOTA Corolla 1.6 16V LIFTB LINEA TERRA 4/5-Doors,8750,96
742,TOYOTA Corolla 1.3 16V HATCHB LINEA TERRA 2/3-Doors,8750,101
743,TOYOTA Corolla 1.6 16V LIFTB LINEA TERRA AUT4 4/5-Doors,9800,102
744,TOYOTA Corolla 1.3 16V HATCHB LINEA TERRA 2/3-Doors,8250,98
745,TOYOTA Corolla 1.6 16V HATCHB G6 R 2/3-Doors,10450,96
746,TOYOTA Corolla 1.6 4/5-Doors,9750,92
747,TOYOTA Corolla Linea Luna 1.6i 16V 2/3-Doors,8950,95
748,TOYOTA Corolla 1.3 16V HATCHB LINEA TERRA 2/3-Doors,7450,99
749,TOYOTA Corolla 1.3 16V LIFTB LINEA TERRA 4/5-Doors,8450,102
750,TOYOTA Corolla 1.6 HB LINEA TERRA 2/3-Doors,8250,100
751,TOYOTA Corolla 1.6 16V HATCHB G6 R 2/3-Doors,10950,99
752,TOYOTA Corolla 1.6 16V SEDAN LINEA LUNA 4/5-Doors,8950,95
753,TOYOTA Corolla 1.3 16V HATCHB LINEA TERRA 2/3-Doors,8750,100
754,TOYOTA Corolla 1.6 VVTi Linea Luna 4/5-Doors,10450,95
755,TOYOTA Corolla 1.6 16V WAGON LINEA TERRA Stationwagen,10950,91
756,TOYOTA Corolla 1.6 16V SEDAN LINEA TERRA 4/5-Doors,8450,99
757,TOYOTA Corolla 1.6 16V HATCHB G6 2/3-Doors,9950,93
758,TOYOTA Corolla 1.6 16V HATCHB LINEA LUNA 2/3-Doors,9950,102
759,TOYOTA Corolla 1.3 16V HATCHB LINEA TERRA 2/3-Doors,8750,96
760,TOYOTA Corolla 1.6 16V LIFTB LINEA TERRA 4/5-Doors,9950,99
761,TOYOTA Corolla 1.6 16V LIFTB LINEA TERRA 4/5-Doors,9500,102
762,TOYOTA Corolla 1.6 16V SEDAN LINEA TERRA 4/5-Doors,8250,99
763,TOYOTA Corolla 1.6 16V LIFTB LINEA LUNA 4/5-Doors,10950,96
764,TOYOTA Corolla 1.3 LB LINEA TERRA 4/5-Doors,7950,94
765,TOYOTA Corolla 1.3 HB LINEA TERRA 2/3-Doors,8250,99
766,TOYOTA Corolla 1.6 16V SEDAN LINEA LUNA 4/5-Doors,9895,101
767,TOYOTA Corolla 1.3 16V HATCHB LINEA TERRA 2/3-Doors,9130,101
768,TOYOTA Corolla 1.3 16V LIFTB LINEA TERRA AUT3 4/5-Doors,10950,93
769,TOYOTA Corolla 1.6 16V LIFTB LINEA LUNA 4/5-Doors,10500,94
770,TOYOTA Corolla 1.6 16V HATCHB LINEA TERRA 2/3-Doors,8900,95
771,TOYOTA Corolla 1.3 16V LIFTB G6 4/5-Doors,9500,91
772,TOYOTA Corolla 2.0 D Linea luna Wagon Stationwagen,10950,93
773,TOYOTA Corolla 1.3 16V HATCHB LINEA TERRA 2/3-Doors,7950,102
774,TOYOTA Corolla 1.3 16V HATCHB LINEA TERRA 2/3-Doors,7950,98
775,TOYOTA Corolla 1.3 16V HATCHB LINEA TERRA 2/3-Doors,7950,99
776,TOYOTA Corolla 1.6 16V LIFTB LINEA TERRA AUT4 4/5-Doors,9500,95
777,TOYOTA Corolla 1.6 16V LIFTB LINEA LUNA 4/5-Doors,10950,101
778,TOYOTA Corolla 1.6 16V SEDAN LINEA TERRA 4/5-Doors,9750,102
779,TOYOTA Corolla 1.6 16V HATCHB LINEA TERRA 2/3-Doors,9750,99
780,TOYOTA Corolla 1.6 16V HATCHB LINEA LUNA 2/3-Doors,9450,97
781,TOYOTA Corolla 1.3 16V HATCHB LINEA TERRA 2/3-Doors,8950,102
782,TOYOTA Corolla 1.3 16V Linea Terra 2/3-Doors,8950,102
783,TOYOTA Corolla 1.6 16V LIFTB LINEA TERRA 4/5-Doors,8900,100
784,TOYOTA Corolla 1.3 16V LIFTB LINEA TERRA 4/5-Doors,9950,95
785,TOYOTA Corolla 1.3 16V HATCHB LINEA LUNA 2/3-Doors,8750,101
786,TOYOTA Corolla 1.6 16V LIFTB LINEA LUNA 4/5-Doors,8950,93
787,TOYOTA Corolla 1.6 16V SEDAN LINEA TERRA 4/5-Doors,8990,99
788,TOYOTA Corolla 1.3 16V HATCHB LINEA TERRA 2/3-Doors,8950,95
789,TOYOTA Corolla 2.0 DSL HATCHB LINEA LUNA 2/3-Doors,8950,96
790,TOYOTA Corolla 1.6 16V HATCHB G6 2/3-Doors,9950,101
791,TOYOTA Corolla 1.6 16V LIFTB LINEA LUNA 4/5-Doors,9900,102
792,TOYOTA Corolla 1.3 HB LINEA TERRA 2/3-Doors,8950,99
793,TOYOTA Corolla 1.6 16V LIFTB LINEA TERRA 4/5-Doors,8950,96
794,TOYOTA Corolla 1.6 16V HATCHB LINEA LUNA AUT4 2/3-Doors,9500,100
795,TOYOTA Corolla 1.3 16V HATCHB LINEA TERRA 2/3-Doors,7950,102
796,TOYOTA Corolla 1.6 LB LINEA LUNA 4/5-Doors,7750,102
797,TOYOTA Corolla 1.6 16V LIFTB LINEA LUNA 4/5-Doors,8950,97
798,TOYOTA Corolla 1.6 16V WAGON LINEA TERRA Stationwagen,11950,94
799,TOYOTA Corolla 1.6 16V LIFTB LINEA LUNA 4/5-Doors,8950,96
800,TOYOTA Corolla 1.3 16V LIFTB LINEA TERRA 4/5-Doors,11950,94
801,TOYOTA Corolla 1.6 16V HATCHB LINEA TERRA 2/3-Doors,8950,102
802,TOYOTA Corolla 1.6 Linea Terra HB 2/3-Doors,9950,98
803,TOYOTA Corolla 1.6 16V HATCHB LINEA TERRA 2/3-Doors,8250,99
804,TOYOTA Corolla 1.3 16V WAGON LINEA TERRA Stationwagen,8995,101
805,TOYOTA Corolla 1.6 16V HATCHB G6 2/3-Doors,9995,95
806,TOYOTA Corolla 1.6 16V HATCHB LINEA TERRA 2/3-Doors,9250,98
807,TOYOTA Corolla 1.6 16V LIFTB LINEA TERRA 4/5-Doors,10950,98
808,TOYOTA Corolla 1.3 16V 2/3-Doors,8900,98
809,TOYOTA Corolla 1.6 16V LIFTB LINEA LUNA 4/5-Doors,9500,92
810,TOYOTA Corolla 1.6 16V LIFTB LINEA LUNA 4/5-Doors,9950,92
811,TOYOTA Corolla 1.3 16V HATCHB LINEA TERRA 2/3-Doors,7950,101
812,TOYOTA Corolla 1.6 16V HATCHB LINEA TERRA 2/3-Doors,8250,97
813,TOYOTA Corolla 1.3 16V HATCHB LINEA TERRA 2/3-Doors,9450,98
814,TOYOTA Corolla 1.3 HB LINEA TERRA 2/3-Doors,7950,91
815,TOYOTA Corolla 1.6 16V HATCHB G6 2/3-Doors,9500,93
816,TOYOTA Corolla 1.6 16V HATCHB LINEA TERRA 2/3-Doors,8950,99
817,TOYOTA Corolla 1.6 16v Liftback Linea Terra 4/5-Doors,10950,96
818,TOYOTA Corolla 1.6 16V HATCHB LINEA TERRA 2/3-Doors,8950,94
819,TOYOTA Corolla 1.3 16V LIFTB LINEA TERRA 4/5-Doors,9450,97
820,TOYOTA Corolla 1.6 16V HATCHB S 2/3-Doors,8000,92
821,TOYOTA Corolla 1.6 16V LIFTB LINEA LUNA 4/5-Doors,9900,101
822,TOYOTA Corolla 1.6 16v VVTi Terra Comfort 4/5-Doors,8950,96
823,TOYOTA Corolla 2.0 DSL LIFTB LINEA TERRA 4/5-Doors,10900,94
824,TOYOTA Corolla 1.6 16V HATCHB S 2/3-Doors,9450,93
825,TOYOTA Corolla 1.6 16V SEDAN LINEA TERRA 4/5-Doors,8450,98
826,TOYOTA Corolla 1.6 16V LIFTB LINEA LUNA 4/5-Doors,9500,99
827,TOYOTA Corolla 1.6 16v Linea Luna 2/3-Doors,10500,101
828,TOYOTA Corolla 1.3 16V L. TERRA COMFORT 2/3-Doors,6950,102
829,TOYOTA Corolla 1.6 16V SEDAN LINEA TERRA 4/5-Doors,9750,102
830,TOYOTA Corolla 1.3 16V LIFTB LINEA TERRA 4/5-Doors,6950,92
831,TOYOTA Corolla 1.6 16V HATCHB G6 R 2/3-Doors,9650,101
832,TOYOTA Corolla 1.6 16V HATCHB G6 R 2/3-Doors,9950,102
833,TOYOTA Corolla 1.3 16V HATCHB G6 2/3-Doors,9250,92
834,TOYOTA Corolla 1.6 16V LIFTB LINEA TERRA 4/5-Doors,8950,97
835,TOYOTA Corolla 1.3 16V WAGON LINEA TERRA Stationwagen,9900,97
836,TOYOTA Corolla 1.6 16V WAGON LINEA TERRA Stationwagen,10995,97
837,TOYOTA Corolla 1.6 Luna Liftback 4/5-Doors,10500,99
838,TOYOTA Corolla 1.3 16V HATCHB LINEA TERRA 2/3-Doors,8950,99
839,TOYOTA Corolla 1.6 16V HATCHB G6 R 2/3-Doors,9750,101
840,TOYOTA Corolla 1.6 16V LIFTB LINEA LUNA 4/5-Doors,10950,102
841,TOYOTA Corolla 1.3 16V LIFTB LINEA TERRA 4/5-Doors,9750,101
842,TOYOTA Corolla 1.6 16V HATCHB G6 2/3-Doors,9950,93
843,TOYOTA Corolla 1.6 16V SEDAN LINEA TERRA 4/5-Doors,10500,99
844,TOYOTA Corolla 1.3 16V HATCHB LINEA TERRA AUT3 2/3-Doors,10400,102
845,TOYOTA Corolla 3drs 13i-16V 2/3-Doors,8800,102
846,TOYOTA Corolla 1.6 16V HATCHB G6 2/3-Doors,10500,95
847,TOYOTA Corolla 1.6 16V LIFTB LINEA TERRA 4/5-Doors,9250,96
848,TOYOTA Corolla 1.3 16V HATCHB S 2/3-Doors,7800,99
849,TOYOTA Corolla 1.6 16V HATCHB LINEA TERRA 2/3-Doors,9950,95
850,TOYOTA Corolla 1.6 16V HATCHB G6 R 2/3-Doors,10750,97
851,TOYOTA Corolla 1.6 16V LIFTB LINEA LUNA 4/5-Doors,10950,101
852,TOYOTA Corolla 1.6 16V SEDAN LINEA LUNA AUT4 4/5-Doors,9950,99
853,TOYOTA Corolla 1.6 16V LIFTB LINEA TERRA 4/5-Doors,9950,93
854,TOYOTA Corolla 1.3 16V SEDAN LINEA TERRA 4/5-Doors,8100,102
855,TOYOTA Corolla 1.6 16V HATCHB LINEA TERRA 2/3-Doors,9250,94
856,TOYOTA Corolla 1.6 16V HATCHB LINEA TERRA 2/3-Doors,7800,98
857,TOYOTA Corolla 1.6 16V LIFTB LINEA TERRA 4/5-Doors,9000,102
858,TOYOTA Corolla 1.6 16V SEDAN LINEA TERRA 4/5-Doors,8950,91
859,TOYOTA Corolla 1.3-16V Luna 2/3-Doors,8950,96
860,TOYOTA Corolla 1.6 16V LIFTB LINEA LUNA 4/5-Doors,9950,102
861,TOYOTA Corolla 1.6 16V LIFTB LINEA TERRA 4/5-Doors,8500,94
862,TOYOTA Corolla 1.6 16V LIFTB LINEA LUNA 4/5-Doors,7995,96
863,TOYOTA Corolla 1.6 16V HATCHB LINEA TERRA 2/3-Doors,8750,99
864,TOYOTA Corolla 1.3 16V HATCHB LINEA LUNA 2/3-Doors,9750,97
865,TOYOTA Corolla 1.6 Linea Terra LB 4/5-Doors,10950,99
866,TOYOTA Corolla 1.6 16V WAGON LINEA TERRA Stationwagen,9750,101
867,TOYOTA Corolla 1.3 16V HATCHB LINEA TERRA 2/3-Doors,8200,94
868,TOYOTA Corolla LIFTBACK 1.6 Linea Sol 4/5-Doors,8950,102
869,TOYOTA Corolla 1.3 16V HATCHB LINEA TERRA 2/3-Doors,9500,100
870,TOYOTA Corolla 2.0 DSL LIFTB LINEA TERRA 4/5-Doors,10950,92
871,TOYOTA Corolla 1.3 16V LIFTB LINEA TERRA AUT3 4/5-Doors,9750,100
872,TOYOTA Corolla 1.3 16V LIFTB LINEA TERRA AUT3 4/5-Doors,9950,99
873,TOYOTA Corolla 1.3 16V HATCHB LINEA LUNA AUT3 2/3-Doors,10450,95
874,TOYOTA Corolla 1.6 16V HATCHB LINEA TERRA 2/3-Doors,9850,99
875,TOYOTA Corolla 1.6 16V LIFTB LINEA LUNA 4/5-Doors,9450,96
876,TOYOTA Corolla 1.6 16V HATCHB LINEA TERRA 2/3-Doors,10295,101
877,TOYOTA Corolla 1.6 16V HATCHB G6 R 2/3-Doors,9750,102
878,TOYOTA Corolla 1.6i Linea Terra HB 2/3-Doors,8950,99
879,TOYOTA Corolla 1.6 16V LIFTB LINEA LUNA 4/5-Doors,9900,102
880,TOYOTA Corolla 1.3 16V LIFTB LINEA TERRA 4/5-Doors,8750,100
881,TOYOTA Corolla 1.6 16V LIFTB LINEA LUNA 4/5-Doors,9950,92
882,TOYOTA Corolla 1.3 16V HATCHB LINEA TERRA 2/3-Doors,8500,94
883,TOYOTA Corolla 1.6 16V SEDAN LINEA TERRA 4/5-Doors,9950,96
884,TOYOTA Corolla 1.6 16V HATCHB LINEA TERRA 2/3-Doors,10950,91
885,TOYOTA Corolla 1.6 16V SEDAN LINEA TERRA 4/5-Doors,9795,102
886,TOYOTA Corolla 1.6 Linea Terra Comfort 4/5-Doors,8750,102
887,TOYOTA Corolla 1.6 HB Linea Terra 2/3-Doors,8250,99
888,TOYOTA Corolla 1.6 16V LIFTB LINEA LUNA 4/5-Doors,9950,92
889,TOYOTA Corolla 1.6 16V LIFTB LINEA LUNA 4/5-Doors,9950,96
890,TOYOTA Corolla 1.6 16V HATCHB LINEA TERRA 2/3-Doors,10500,93
891,TOYOTA Corolla 1.3 16V LIFTB LINEA LUNA 4/5-Doors,9750,96
892,TOYOTA Corolla 1.6 16V WAGON LINEA LUNA Stationwagen,11250,95
893,TOYOTA Corolla 1.6 16V HATCHB LINEA TERRA 2/3-Doors,8900,93
894,TOYOTA Corolla 1.3 16V HATCHB LINEA TERRA 2/3-Doors,7950,94
895,TOYOTA Corolla 1.6 16V LIFTB LINEA LUNA 4/5-Doors,11500,102
896,TOYOTA Corolla 1.6 16V HATCHB LINEA TERRA 2/3-Doors,9450,91
897,TOYOTA Corolla 1.3 16V HATCHB LINEA TERRA 2/3-Doors,7995,99
898,TOYOTA Corolla 1.3 16V LIFTB G6 4/5-Doors,10995,93
899,TOYOTA Corolla 1.6 16V HATCHB LINEA TERRA 2/3-Doors,8950,95
900,TOYOTA Corolla 1.3 16V SEDAN LINEA TERRA AUT3 4/5-Doors,8250,101
901,TOYOTA Corolla 1.3 16V HATCHB LINEA TERRA 2/3-Doors,8950,100
902,TOYOTA Corolla 1.3 16V HATCHB LINEA TERRA 2/3-Doors,8950,99
903,TOYOTA Corolla 1.3 16V LIFTB LINEA TERRA 4/5-Doors,9500,96
904,TOYOTA Corolla 1.3 16V HATCHB LINEA TERRA 2/3-Doors,7500,99
905,TOYOTA Corolla 1.6 16V HATCHB LINEA TERRA 2/3-Doors,8950,97
906,TOYOTA Corolla LIFTBACK 1.3i Linea Luna Liftback 4/5-Doors,9950,97
907,TOYOTA Corolla 1.6 VVTi Linea Luna Lift 4/5-Doors,9750,99
908,TOYOTA Corolla 1.6 16V LIFTB LINEA TERRA 4/5-Doors,9450,95
909,TOYOTA Corolla 1.6 16V HATCHB LINEA TERRA 2/3-Doors,9950,99
910,TOYOTA Corolla 1.6 16V HATCHB LINEA LUNA 2/3-Doors,9750,102
911,TOYOTA Corolla 1.6 16V HATCHB LINEA TERRA 2/3-Doors,8950,99
912,TOYOTA Corolla 1.6 16V LIFTB LINEA TERRA 4/5-Doors,8250,100
913,TOYOTA Corolla 1.3 16V HATCHB LINEA TERRA 2/3-Doors,7750,99
914,TOYOTA Corolla 1.6 16V HATCHB LINEA TERRA 2/3-Doors,8950,94
915,TOYOTA Corolla 1.6 16V LIFTB LINEA LUNA 4/5-Doors,9950,98
916,TOYOTA Corolla 1.6 16V HATCHB LINEA LUNA AUT4 2/3-Doors,9450,100
917,TOYOTA Corolla 1.6 16V HATCHB G6 R 2/3-Doors,12950,101
918,TOYOTA Corolla 1.6 16V HATCHB S 2/3-Doors,9950,92
919,TOYOTA Corolla 1.6 16V HATCHB G6 2/3-Doors,10495,96
920,TOYOTA Corolla 1.3 16V LIFTB LINEA TERRA 4/5-Doors,7950,102
921,TOYOTA Corolla 1.6 16V WAGON LINEA TERRA AUT4 Stationwagen,10500,97
922,TOYOTA Corolla 1.6 16V LIFTB LINEA LUNA 4/5-Doors,8950,99
923,TOYOTA Corolla 1.6 16V LIFTB LINEA LUNA 4/5-Doors,9900,96
924,TOYOTA Corolla 1.6 16V HATCHB G6 2/3-Doors,9995,95
925,TOYOTA Corolla 1.6 16V HATCHB G6 R 2/3-Doors,9950,97
926,TOYOTA Corolla 1.6 16V HATCHB LINEA TERRA 2/3-Doors,9950,97
927,TOYOTA Corolla 1.6 16V HATCHB LINEA TERRA 2/3-Doors,8250,101
928,TOYOTA Corolla 1.3 16V LIFTB LINEA TERRA 4/5-Doors,9950,97
929,TOYOTA Corolla 1.3 16V HATCHB LINEA TERRA 2/3-Doors,8950,93
930,TOYOTA Corolla 1.6 16V HATCHB LINEA TERRA AUT4 2/3-Doors,10950,96
931,TOYOTA Corolla 1.3 16V SEDAN LINEA TERRA 4/5-Doors,9250,101
932,TOYOTA Corolla 1.6 16V LIFTB LINEA TERRA 4/5-Doors,9950,97
933,TOYOTA Corolla 1.3 16V LIFTB LINEA LUNA 4/5-Doors,9995,91
934,TOYOTA Corolla 1.3 16V HATCHB LINEA LUNA 2/3-Doors,8750,95
935,TOYOTA Corolla 1.3 16V LIFTB G6 4/5-Doors,10950,92
936,TOYOTA Corolla 1.6 16V LIFTB LINEA LUNA AUT4 4/5-Doors,10350,94
937,TOYOTA Corolla 1.6 16V LIFTB LINEA TERRA 4/5-Doors,9950,99
938,TOYOTA Corolla 1.3 Hatchback 2/3-Doors,8950,99
939,TOYOTA Corolla 1.6 16V LIFTB LINEA LUNA 4/5-Doors,10950,91
940,TOYOTA Corolla 1.6 16V LIFTB LINEA LUNA 4/5-Doors,10950,97
941,TOYOTA Corolla 1.6 16V LIFTB LINEA TERRA 4/5-Doors,8950,102
942,TOYOTA Corolla 1.6 16V HATCHB LINEA TERRA 2/3-Doors,8900,101
943,TOYOTA Corolla 1.6 16V HATCHB G6 2/3-Doors,10250,94
944,TOYOTA Corolla 1.6 Linea Terra Sedan 4/5-Doors,9450,95
945,TOYOTA Corolla 1.6 16V HATCHB LINEA LUNA 2/3-Doors,9250,95
946,TOYOTA Corolla 1.6 I lb luna 4/5-Doors,10500,91
947,TOYOTA Corolla 1.3 16V LIFTB LINEA TERRA 4/5-Doors,7350,92
948,TOYOTA Corolla 2/3-Doors,10250,91
949,TOYOTA Corolla 1.6 16V LIFTB LINEA LUNA 4/5-Doors,10250,96
950,TOYOTA Corolla 1.6 16V LIFTB LINEA LUNA 4/5-Doors,11500,99
951,TOYOTA Corolla LIFTBACK 1.6-16v Linea Luna 2/3-Doors,8950,102
952,TOYOTA Corolla 1.3 16V HATCHB LINEA TERRA 2/3-Doors,7750,102
953,TOYOTA Corolla 1.6 16V HATCHB LINEA TERRA 2/3-Doors,9500,98
954,TOYOTA Corolla 1.3 16V HATCHB S 2/3-Doors,8450,101
955,TOYOTA Corolla 1.6 16V HATCHB LINEA TERRA 2/3-Doors,8950,91
956,TOYOTA Corolla 1.6 16V SEDAN LINEA TERRA 4/5-Doors,8400,94
957,TOYOTA Corolla 1.3 16V HATCHB LINEA TERRA 2/3-Doors,9250,100
958,TOYOTA Corolla 1.6 linea terra 4/5-Doors,8900,95
959,TOYOTA Corolla 1.6 16V HATCHB LINEA TERRA 2/3-Doors,8750,92
960,TOYOTA Corolla 1.6 Linea Luna Aut. 4/5-Doors,10950,92
961,TOYOTA Corolla 1.3 16V SEDAN LINEA TERRA 4/5-Doors,8950,95
962,TOYOTA Corolla 1.3I LINEATERRA 2/3-Doors,8950,99
963,TOYOTA Corolla 1.6 16V LIFTB LINEA TERRA 4/5-Doors,8895,95
964,TOYOTA Corolla ,9390,100
965,TOYOTA Corolla 1.6 16V LIFTB LINEA TERRA 4/5-Doors,8750,93
966,TOYOTA Corolla 1.6 16V LIFTB LINEA LUNA 4/5-Doors,9750,95
967,TOYOTA Corolla 1.6 16V LIFTB LINEA LUNA 4/5-Doors,9950,96
968,TOYOTA Corolla 1.6 16V HATCHB G6 2/3-Doors,10950,99
969,TOYOTA Corolla 1.6 16V WAGON LINEA TERRA Stationwagen,9900,101
970,TOYOTA Corolla 1.6 16V SEDAN LINEA TERRA 4/5-Doors,9500,96
972,TOYOTA Corolla 1.6 16V HATCHB LINEA TERRA 2/3-Doors,9950,95
973,TOYOTA Corolla 1.6 LL HB 4/5-Doors,9950,97
974,TOYOTA Corolla 1.3 16V LIFTB LINEA LUNA 4/5-Doors,10500,96
975,TOYOTA Corolla 1.3 16V HATCHB LINEA TERRA 2/3-Doors,9950,97
976,TOYOTA Corolla 1.3 16V LIFTB LINEA TERRA 4/5-Doors,10495,102
977,TOYOTA Corolla 1.6 Linea Terra Comfort HB 2/3-Doors,9500,100
978,TOYOTA Corolla 1.3 16V HATCHB LINEA TERRA 2/3-Doors,8500,92
979,TOYOTA Corolla 1.6 16V SEDAN LINEA TERRA 4/5-Doors,10450,94
980,TOYOTA Corolla 1.3 16V HATCHB LINEA TERRA 2/3-Doors,8950,99
981,TOYOTA Corolla 1.3 16V HATCHB G6 2/3-Doors,9900,93
982,TOYOTA Corolla 1.3 16V LIFTB LINEA TERRA 4/5-Doors,8900,97
983,TOYOTA Corolla 1.6 16V HATCHB LINEA TERRA 2/3-Doors,8745,99
984,TOYOTA Corolla 1.3 HB Linea Terra 2/3-Doors,8750,99
985,TOYOTA Corolla 1.6 GTSi HB 4/5-Doors,10750,91
986,TOYOTA Corolla 1.6 GTSi HB 2/3-Doors,9750,91
987,TOYOTA Corolla 1.6 16V LIFTB LINEA LUNA 4/5-Doors,8850,99
988,TOYOTA Corolla 1.3 16V LIFTB LINEA TERRA 4/5-Doors,7950,100
989,TOYOTA Corolla 1.6 Linea Terra Sedan 4/5-Doors,9450,97
990,TOYOTA Corolla 1.6 16V HATCHB LINEA LUNA AUT4 2/3-Doors,9950,95
991,TOYOTA Corolla 1.6 16V SEDAN LINEA TERRA 4/5-Doors,8250,97
992,TOYOTA Corolla 1.3 HB LINEA TERRA 2/3-Doors,9950,95
993,TOYOTA Corolla 1.3 16V HATCHB LINEA TERRA 2/3-Doors,9995,102
994,TOYOTA Corolla 1.6 16V LIFTB LINEA TERRA 4/5-Doors,9950,93
995,TOYOTA Corolla 1.6 16V LIFTB LINEA TERRA 4/5-Doors,10495,94
996,TOYOTA Corolla 1.6 Lin.Terra Aut. 4/5-Doors,7950,92
997,TOYOTA Corolla 1.6 SD TERRA 4/5-Doors,8950,102
998,TOYOTA Corolla 1.6 16v Liftback Linea Luna 4/5-Doors,9695,91
999,TOYOTA Corolla 1.3 16V HATCHB LINEA TERRA 2/3-Doors,7750,98
1000,TOYOTA Corolla 1.6 16V HATCHB LINEA TERRA 2/3-Doors,9950,102
1001,TOYOTA Corolla 1.6 16V LIFTB LINEA LUNA 4/5-Doors,9950,101
1002,TOYOTA Corolla 1.6 LB Linea Terra 4/5-Doors,9950,97
1003,TOYOTA Corolla 1.6 4/5-Doors,9900,98
1004,TOYOTA Corolla 1.3 16V HATCHB G6 2/3-Doors,10950,91
1005,TOYOTA Corolla 1.3 16V SEDAN LINEA TERRA 4/5-Doors,8950,94
1006,TOYOTA Corolla 1.3 16V HATCHB LINEA TERRA AUT3 2/3-Doors,8950,100
1007,TOYOTA Corolla 1.6 16V HATCHB LINEA TERRA 2/3-Doors,8250,100
1008,TOYOTA Corolla 1.6 16V LIFTB LINEA LUNA 4/5-Doors,10250,96
1009,TOYOTA Corolla 1.6 16V LIFTB LINEA TERRA 4/5-Doors,8750,95
1010,TOYOTA Corolla 1.6 16V LIFTB LINEA TERRA 4/5-Doors,9750,102
1011,TOYOTA Corolla 1.6 16V WAGON LINEA TERRA Stationwagen,10950,95
1012,TOYOTA Corolla 1.6 16V HATCHB LINEA TERRA 2/3-Doors,10950,94
1013,TOYOTA Corolla 1.3 16V HATCHB LINEA TERRA 2/3-Doors,9750,96
1014,TOYOTA Corolla 1.6 16V HATCHB LINEA TERRA 2/3-Doors,8900,93
1015,TOYOTA Corolla 1.6 16V LIFTB LINEA TERRA 4/5-Doors,9500,94
1016,TOYOTA Corolla 1.3 16V WAGON LINEA TERRA Stationwagen,9950,97
1017,TOYOTA Corolla 1.6 16V HATCHB LINEA TERRA 2/3-Doors,9950,100
1018,TOYOTA Corolla 1.3 16V HATCHB LINEA TERRA 2/3-Doors,8250,99
1019,TOYOTA Corolla 1.6 16V HATCHB G6 2/3-Doors,10450,99
1020,TOYOTA Corolla 1.6 16V HATCHB G6 R 2/3-Doors,10950,96
1021,TOYOTA Corolla 1.3 16V HATCHB S 2/3-Doors,9250,99
1022,TOYOTA Corolla 1.6 16V HATCHB LINEA TERRA 2/3-Doors,8900,102
1023,TOYOTA Corolla 1.3 16V LIFTB G6 4/5-Doors,10900,91
1024,TOYOTA Corolla 1.6 16V HATCHB LINEA TERRA 2/3-Doors,9750,98
1025,TOYOTA Corolla 1.6 16V LIFTB LINEA LUNA 4/5-Doors,11950,92
1026,TOYOTA Corolla 1.3 16V SEDAN LINEA TERRA 4/5-Doors,7900,102
1027,TOYOTA Corolla 1.6 SDN LINEA TERRA 4/5-Doors,10900,91
1028,TOYOTA Corolla 1.6 16V HATCHB LINEA TERRA 2/3-Doors,10450,99
1029,TOYOTA Corolla 1.6 16V WAGON LINEA TERRA Stationwagen,10950,93
1030,TOYOTA Corolla 1.3 16V HATCHB LINEA TERRA 2/3-Doors,9950,99
1031,TOYOTA Corolla 1.6 16V HATCHB G6 R 2/3-Doors,10750,94
1032,TOYOTA Corolla 1.6 16V LIFTB LINEA TERRA 4/5-Doors,9900,91
1033,TOYOTA Corolla 1.6 16V SEDAN LINEA TERRA 4/5-Doors,10750,102
1034,TOYOTA Corolla 1.6 16V LIFTB LINEA LUNA 4/5-Doors,10450,92
1035,TOYOTA Corolla 1.3 Linea Terra Comfort 4/5-Doors,9450,102
1036,TOYOTA Corolla 1.3 16V HATCHB LINEA TERRA AUT3 2/3-Doors,10750,94
1037,TOYOTA Corolla 1.6 16V LIFTB LINEA LUNA 4/5-Doors,10950,94
1038,TOYOTA Corolla 1.3 16V HATCHB LINEA TERRA 2/3-Doors,10000,91
1039,TOYOTA Corolla 1.6 16V HATCHB LINEA LUNA 2/3-Doors,10500,102
1040,TOYOTA Corolla 1.6 16V HATCHB LINEA LUNA AUT4 2/3-Doors,12500,96
1041,TOYOTA Corolla 1.3 16V LIFTB LINEA TERRA 4/5-Doors,8950,96
1042,TOYOTA Corolla 1.6 Luna LB 4/5-Doors,10500,92
1043,TOYOTA Corolla 1.6 16V HATCHB LINEA TERRA 2/3-Doors,9245,100
1044,TOYOTA Corolla 1.6 16V LIFTB LINEA LUNA 4/5-Doors,10950,93
1045,TOYOTA Corolla 1.3 16V HATCHB LINEA TERRA 2/3-Doors,9500,97
1046,TOYOTA Corolla 1.6 16V HATCHB S 2/3-Doors,10900,96
1047,TOYOTA Corolla 1.3 16V SEDAN LINEA TERRA AUT3 4/5-Doors,10950,101
1048,TOYOTA Corolla 1.3 16V LIFTB LINEA TERRA 4/5-Doors,9450,100
1049,TOYOTA Corolla 2.0 DSL WAGON LINEA TERRA COMM Anders,5900,107
1050,TOYOTA Corolla 2.0 DSL WAGON LINEA TERRA Stationwagen,6950,113
1051,TOYOTA Corolla 2.0 DSL LIFTB LINEA TERRA 4/5-Doors,6000,112
1052,TOYOTA Corolla 1.6 LB *G3* AIRCO 4/5-Doors,5250,113
1053,TOYOTA Corolla 2.0D LINEA TERRA+airco 2/3-Doors,4400,108
1054,TOYOTA Corolla 2.0 DSL SEDAN LINEA TERRA 4/5-Doors,6750,111
1055,TOYOTA Corolla 2.0 DSL LIFTB LINEA TERRA 4/5-Doors,8500,103
1056,TOYOTA Corolla 2.0 DSL HATCHB LINEA LUNA 2/3-Doors,6150,114
1057,TOYOTA Corolla 2.0 DSL WAGON LINEA TERRA Stationwagen,6950,110
1058,TOYOTA Corolla 2.0 DSL HATCHB LINEA TERRA 2/3-Doors,5750,110
1059,TOYOTA Corolla 2.0 DSL SEDAN LINEA TERRA 4/5-Doors,8750,112
1060,TOYOTA Corolla 2.0 DSL HATCHB LINEA TERRA 2/3-Doors,6500,104
1061,TOYOTA Corolla 1.6 16V LIFTB LINEA LUNA 4/5-Doors,5950,107
1062,TOYOTA Corolla 1.3 16V LIFTB LINEA TERRA 4/5-Doors,6500,112
1063,TOYOTA Corolla 2.0 ST WGN LINEA TERRA DSL Stationwagen,10500,111
1064,TOYOTA Corolla 2.0 DSL SEDAN LINEA TERRA 4/5-Doors,8500,111
1065,TOYOTA Corolla 1.6 HB LINEA TERRA 2/3-Doors,7950,105
1066,TOYOTA Corolla 1.3 16V HATCHB LINEA TERRA 2/3-Doors,5800,112
1067,TOYOTA Corolla 1.3 16V HATCHB LINEA TERRA 2/3-Doors,6750,114
1068,TOYOTA Corolla 2.0 DSL HATCHB LINEA TERRA 2/3-Doors,6950,112
1069,TOYOTA Corolla 1.6 16V HATCHB LINEA TERRA 2/3-Doors,5740,108
1070,TOYOTA Corolla 1.3 16V HATCHB LINEA TERRA 2/3-Doors,6550,107
1071,TOYOTA Corolla 2.0 DSL HATCHB LINEA TERRA 2/3-Doors,8950,103
1072,TOYOTA Corolla 1.3 16V LIFTB LINEA TERRA 4/5-Doors,6750,107
1073,TOYOTA Corolla 1.6 3D Terra/Comf. 2/3-Doors,7950,112
1074,TOYOTA Corolla 2.0 DSL HATCHB LINEA TERRA 2/3-Doors,7950,103
1075,TOYOTA Corolla 2.0 DSL LIFTB LINEA LUNA 4/5-Doors,7450,110
1076,TOYOTA Corolla 2.0 DSL WAGON LINEA TERRA Stationwagen,7750,104
1077,TOYOTA Corolla 1.6 16v Linea Terra 4/5-Doors,6450,105
1078,TOYOTA Corolla 2.0D Linea Terra 2/3-Doors,7900,109
1079,TOYOTA Corolla 2.0 DSL HATCHB LINEA TERRA 2/3-Doors,6900,103
1080,TOYOTA Corolla 1.3 16V HATCHB LINEA TERRA 2/3-Doors,5600,109
1081,TOYOTA Corolla 1.6 16V SEDAN LINEA TERRA 4/5-Doors,5950,111
1082,TOYOTA Corolla 1.3 16V HATCHB LINEA TERRA AUT3 2/3-Doors,6950,114
1083,TOYOTA Corolla 2.0 DSL ,7950,105
1084,TOYOTA Corolla 1.3 16V WAGON LINEA TERRA Stationwagen,8950,113
1085,TOYOTA Corolla 2.0 D Linea Terra Liftback 4/5-Doors,7950,108
1086,TOYOTA Corolla 2.0 D Linea Terra Liftback 4/5-Doors,9500,114
1087,TOYOTA Corolla 2.0 DSL HATCHB LINEA TERRA 2/3-Doors,8600,110
1088,TOYOTA Corolla 2.0 ST WGN LINEA TERRA DSL Stationwagen,5950,105
1089,TOYOTA Corolla 1.6 16V LIFTB LINEA TERRA 4/5-Doors,7750,107
1091,TOYOTA Corolla 2.0 DSL LIFTB LINEA LUNA 4/5-Doors,7950,113
1092,TOYOTA Corolla 1.6 16V HATCHB LINEA TERRA 2/3-Doors,6950,111
1093,TOYOTA Corolla 1.6 16V HATCHB LINEA TERRA 2/3-Doors,7250,108
1094,TOYOTA Corolla 1.3 LB LINEA TERRA 4/5-Doors,6500,112
1095,TOYOTA Corolla 1.6 16V LIFTB LINEA TERRA 4/5-Doors,7250,111
1096,TOYOTA Corolla 1.6 16V LIFTB LINEA TERRA 4/5-Doors,9250,114
1097,TOYOTA Corolla 1.6 16V HATCHB S 2/3-Doors,8250,107
1098,TOYOTA Corolla 2.0 DSL HATCHB LINEA TERRA 2/3-Doors,7250,105
1099,TOYOTA Corolla 1.6 16V SEDAN LINEA TERRA 4/5-Doors,5250,106
1100,TOYOTA Corolla 1.6 HB Terra 4/5-Doors,7900,111
1101,TOYOTA Corolla 1.6 16V HATCHB LINEA TERRA 2/3-Doors,6900,110
1102,TOYOTA Corolla 1.6i-16 SPORTS TC 2/3-Doors,7900,109
1103,TOYOTA Corolla 2.0 DSL LIFTB LINEA TERRA 4/5-Doors,7250,108
1104,TOYOTA Corolla 1.6 16V HATCHB S 2/3-Doors,8450,104
1105,TOYOTA Corolla 1.6 16V LIFTB LINEA LUNA 4/5-Doors,7950,110
1106,TOYOTA Corolla 1.6 16V HATCHB LINEA TERRA 2/3-Doors,7950,108
1107,TOYOTA Corolla 1.6 16V HATCHB LINEA TERRA 2/3-Doors,6450,106
1108,TOYOTA Corolla 1.6 16V LIFTB LINEA TERRA 4/5-Doors,6650,109
1109,TOYOTA Corolla 1.3 16V HATCHB LINEA TERRA 2/3-Doors,7950,108
1110,TOYOTA Corolla 1.3 16V LIFTB LINEA LUNA 4/5-Doors,7250,114
1111,TOYOTA Corolla 1.6 16V HATCHB LINEA TERRA 2/3-Doors,7450,111
1112,TOYOTA Corolla 1.6 16V SEDAN LINEA TERRA 4/5-Doors,7950,108
1113,TOYOTA Corolla 1.6 16V LIFTB LINEA TERRA 4/5-Doors,7250,111
1114,TOYOTA Corolla 2.0 DSL HATCHB LINEA TERRA 2/3-Doors,8250,105
1115,TOYOTA Corolla 2.0 LB LINEA TERRA DSL 4/5-Doors,8950,110
1116,TOYOTA Corolla 1.6 16V HATCHB LINEA TERRA 2/3-Doors,7750,108
1117,TOYOTA Corolla 1.6 16V WAGON LINEA TERRA Stationwagen,8500,105
1118,TOYOTA Corolla 1.6 16V LIFTB LINEA LUNA 4/5-Doors,7750,112
1119,TOYOTA Corolla 1.6 16V SEDAN LINEA TERRA 4/5-Doors,5750,107
1120,TOYOTA Corolla 1.6 16V LIFTB LINEA TERRA 4/5-Doors,6900,110
1121,TOYOTA Corolla 1.6 HATCHBACK 2/3-Doors,6500,105
1122,TOYOTA Corolla 1.6 16V LIFTB LINEA TERRA AUT4 4/5-Doors,6500,112
1123,TOYOTA Corolla 1.3 16V WAGON LINEA TERRA Stationwagen,7600,111
1124,TOYOTA Corolla 2.0 DSL LIFTB LINEA TERRA 4/5-Doors,8950,107
1125,TOYOTA Corolla 1.6 16V LIFTB LINEA TERRA 4/5-Doors,7450,108
1126,TOYOTA Corolla 1.3 16V HATCHB S 2/3-Doors,7350,106
1127,TOYOTA Corolla 1.3 16V HATCHB S 2/3-Doors,7750,107
1128,TOYOTA Corolla 1.6 Linea Terra / Keuze uit 700 occasions 2/3-Doors,7460,114
1129,TOYOTA Corolla 1.6 16V WAGON LINEA TERRA Stationwagen,9250,110
1130,TOYOTA Corolla 1.6 16V HATCHB LINEA LUNA 2/3-Doors,7250,114
1131,TOYOTA Corolla 1.3 16V HATCHB S 2/3-Doors,6500,106
1132,TOYOTA Corolla 1.6 16V SEDAN LINEA TERRA 4/5-Doors,6800,114
1133,TOYOTA Corolla 1.6 16V WAGON LINEA TERRA Stationwagen,8700,109
1134,TOYOTA Corolla 1.6 16V LIFTB LINEA TERRA 4/5-Doors,7500,112
1135,TOYOTA Corolla 1.6 16V HATCHB LINEA TERRA 2/3-Doors,7750,105
1136,TOYOTA Corolla 1.6 16V HATCHB S 2/3-Doors,7950,107
1137,TOYOTA Corolla 1.6 16V HATCHB LINEA TERRA 2/3-Doors,9950,109
1138,TOYOTA Corolla 1.6 16V LIFTB LINEA TERRA 4/5-Doors,6640,108
1139,TOYOTA Corolla 1.3 HB LINEA TERRA 2/3-Doors,8750,105
1140,TOYOTA Corolla 1.6 16V HATCHB S 2/3-Doors,7750,106
1141,TOYOTA Corolla 1.3 16V HATCHB LINEA TERRA 2/3-Doors,5950,106
1142,TOYOTA Corolla 1.3 16V HATCHB LINEA TERRA 2/3-Doors,6750,111
1143,TOYOTA Corolla 1.6 16V HATCHB LINEA TERRA 2/3-Doors,6500,114
1144,TOYOTA Corolla 1.6 3D Terra/Comf. 2/3-Doors,8750,110
1145,TOYOTA Corolla 1.6 16V HATCHB S 2/3-Doors,7950,108
1146,TOYOTA Corolla 1.3 16V HATCHB 2/3-Doors,6750,108
1147,TOYOTA Corolla 1.3 16V LIFTB LINEA TERRA 4/5-Doors,7950,107
1148,TOYOTA Corolla 1.3 Linea Terra 3 drs 2/3-Doors,7950,114
1149,TOYOTA Corolla 1.6 16V LIFTB LINEA LUNA AUT4 4/5-Doors,8950,109
1150,TOYOTA Corolla 1.3 16V HATCHB LINEA TERRA 2/3-Doors,7750,111
1151,TOYOTA Corolla 1.6 16V LIFTB LINEA TERRA 4/5-Doors,6450,109
1152,TOYOTA Corolla 1.6 16V HATCHB LINEA TERRA 2/3-Doors,6900,108
1153,TOYOTA Corolla 1.6 16V WAGON LINEA TERRA Stationwagen,8450,109
1154,TOYOTA Corolla 1.3 HB LINEA TERRA 2/3-Doors,6750,108
1155,TOYOTA Corolla 1.3 16V SEDAN LINEA TERRA AUT3 4/5-Doors,8050,108
1156,TOYOTA Corolla 1.6 16V LIFTB LINEA TERRA 4/5-Doors,9500,113
1157,TOYOTA Corolla 1.6 16V SEDAN LINEA TERRA 4/5-Doors,7750,112
1158,TOYOTA Corolla 1.6 16V WAGON LINEA TERRA Stationwagen,8500,114
1159,TOYOTA Corolla 1.6 16V HATCHB LINEA TERRA 2/3-Doors,7795,109
1160,TOYOTA Corolla 1.6 16V HATCHB LINEA TERRA 2/3-Doors,6490,114
1161,TOYOTA Corolla 1.6 16V HATCHB S 2/3-Doors,7950,107
1162,TOYOTA Corolla 1.3 16V LIFTB LINEA TERRA 4/5-Doors,6425,113
1163,TOYOTA Corolla 1.3 16V LIFTB LINEA TERRA 4/5-Doors,8950,103
1164,TOYOTA Corolla 1.6 LB LINEA LUNA 4/5-Doors,6950,106
1165,TOYOTA Corolla 1.6 16V WAGON LINEA TERRA Stationwagen,8750,113
1166,TOYOTA Corolla 1.6 16V S-uitvoering 2/3-Doors,8450,105
1167,TOYOTA Corolla 1.6 16v Liftback Linea Terra 4/5-Doors,7950,111
1168,TOYOTA Corolla 1.3 16V LIFTB LINEA TERRA 4/5-Doors,7950,114
1169,TOYOTA Corolla 1.6 LINEA TERRA 4/5-Doors,8900,112
1170,TOYOTA Corolla 1.6 16V WAGON LINEA TERRA Stationwagen,8950,107
1171,TOYOTA Corolla 1.6 16V WAGON LINEA TERRA Stationwagen,8900,107
1172,TOYOTA Corolla 1.6 Linea Terra Sedan 4/5-Doors,7950,103
1173,TOYOTA Corolla 1.3 16V HATCHB LINEA TERRA 2/3-Doors,6495,108
1174,TOYOTA Corolla 1.3 16V HATCHB LINEA TERRA 2/3-Doors,7250,112
1175,TOYOTA Corolla 1.6 16V WAGON LINEA TERRA Stationwagen,9250,108
1176,TOYOTA Corolla 1.6 16V LIFTB LINEA TERRA 4/5-Doors,6650,112
1177,TOYOTA Corolla 1.6 Terra Stationwagen,6990,113
1178,TOYOTA Corolla 1.6 16V LIFTB LINEA TERRA 4/5-Doors,7750,112
1179,TOYOTA Corolla 1.3 16V LIFTB LINEA TERRA 4/5-Doors,6950,113
1180,TOYOTA Corolla 1.6 16V HATCHB LINEA TERRA 2/3-Doors,7250,114
1181,TOYOTA Corolla 1.6 16V WAGON LINEA TERRA Stationwagen,9950,114
1182,TOYOTA Corolla 1.6 Linea Terra Comfort 4/5-Doors,9250,114
1183,TOYOTA Corolla 1.3 16V LIFTB LINEA TERRA 4/5-Doors,7200,113
1184,TOYOTA Corolla 1.6 16V LIFTB LINEA LUNA 4/5-Doors,8250,106
1185,TOYOTA Corolla 1.6 16V HATCHB GTSI 2/3-Doors,8950,113
1186,TOYOTA Corolla 1.6 16V LIFTB LINEA LUNA 4/5-Doors,8250,111
1187,TOYOTA Corolla 1.3 16V HATCHB LINEA TERRA 2/3-Doors,6250,114
1189,TOYOTA Corolla 1.6 16V LIFTB LINEA LUNA AUT4 4/5-Doors,9900,114
1190,TOYOTA Corolla 1.3 16V LIFTB LINEA TERRA 4/5-Doors,7300,114
1191,TOYOTA Corolla 1.3 Linea Luna Hatchback 2/3-Doors,8950,106
1192,TOYOTA Corolla 1.3 16V HATCHB S 2/3-Doors,6500,104
1193,TOYOTA Corolla 1.6 16V LIFTB LINEA TERRA 4/5-Doors,7950,112
1194,TOYOTA Corolla 1.6 16V HATCHB LINEA TERRA 2/3-Doors,7450,109
1195,TOYOTA Corolla 1.3 16V LIFTB LINEA TERRA 4/5-Doors,7950,105
1196,TOYOTA Corolla 1.3i-16v Linea Terra 5d 4/5-Doors,8500,112
1197,TOYOTA Corolla 1.3 16V HATCHB LINEA TERRA 2/3-Doors,6950,111
1198,TOYOTA Corolla 1.3 16V HATCHB LINEA TERRA AUT3 2/3-Doors,7950,112
1199,TOYOTA Corolla 1.3 16V HATCHB LINEA TERRA 2/3-Doors,6750,111
1200,TOYOTA Corolla 1.6 16V HATCHB LINEA LUNA 2/3-Doors,8450,104
1201,TOYOTA Corolla 1.6 LB LINEA TERRA 4/5-Doors,7500,112
1202,TOYOTA Corolla 2.0 DSL HATCHB LINEA TERRA 2/3-Doors,8750,108
1203,TOYOTA Corolla 1.3 16V LIFTB LINEA TERRA 4/5-Doors,8750,113
1204,TOYOTA Corolla 1.6 16V HATCHB LINEA TERRA 2/3-Doors,8950,110
1205,TOYOTA Corolla 1.3 16V HATCHB LINEA TERRA 2/3-Doors,7450,109
1206,TOYOTA Corolla 1.6 16V WAGON LINEA TERRA Stationwagen,9200,103
1207,TOYOTA Corolla 1.6 16V HATCHB LINEA TERRA 2/3-Doors,8950,108
1208,TOYOTA Corolla 1.6 16V LIFTB LINEA LUNA 4/5-Doors,7850,106
1209,TOYOTA Corolla 2.0 DSL HATCHB LINEA TERRA 2/3-Doors,6950,107
1210,TOYOTA Corolla 1.6 16V HATCHB S 2/3-Doors,7200,109
1211,TOYOTA Corolla 1.6 16V HATCHB LINEA LUNA 2/3-Doors,7450,112
1212,TOYOTA Corolla 1.3 16V HATCHB LINEA TERRA 2/3-Doors,6750,109
1213,TOYOTA Corolla 1.6 16V HATCHB LINEA TERRA 2/3-Doors,7500,107
1214,TOYOTA Corolla 1.6 16V SEDAN LINEA TERRA 4/5-Doors,7450,106
1215,TOYOTA Corolla 1.6 16V SEDAN LINEA TERRA 4/5-Doors,7950,104
1216,TOYOTA Corolla 1.6 16V SEDAN LINEA TERRA 4/5-Doors,7250,112
1217,TOYOTA Corolla 1.3 3D Linea Terra 2/3-Doors,7950,107
1218,TOYOTA Corolla 1.3 16V HATCHB LINEA TERRA 2/3-Doors,8250,114
1219,TOYOTA Corolla 1.6 16V LIFTB LINEA LUNA 4/5-Doors,8250,106
1220,TOYOTA Corolla 1.6 16V HATCHB LINEA LUNA 2/3-Doors,6750,114
1221,TOYOTA Corolla 1.3 16V LB Linea Luna 4/5-Doors,8750,113
1222,TOYOTA Corolla 1.6 HB LINEA LUNA 2/3-Doors,8950,114
1223,TOYOTA Corolla 2.0 DSL LIFTB LINEA TERRA 4/5-Doors,8500,104
1224,TOYOTA Corolla 1.6 16V LIFTB LINEA TERRA 4/5-Doors,8250,114
1225,TOYOTA Corolla 1.6 16V HATCHB LINEA TERRA AUT4 2/3-Doors,9450,104
1226,TOYOTA Corolla 1.6 16V HATCHB LINEA TERRA 2/3-Doors,7950,107
1227,TOYOTA Corolla 1.6 16V HATCHB LINEA LUNA 2/3-Doors,7900,104
1228,TOYOTA Corolla 1.6 16V HATCHB LINEA TERRA 2/3-Doors,8500,107
1229,TOYOTA Corolla 1.6 16V LIFTB LINEA TERRA 4/5-Doors,8250,113
1230,TOYOTA Corolla 1.6 16V LIFTB LINEA TERRA 4/5-Doors,8250,110
1231,TOYOTA Corolla 1.6 16V SEDAN LINEA TERRA 4/5-Doors,8950,107
1232,TOYOTA Corolla 1.6 16V HATCHB LINEA TERRA 2/3-Doors,7950,108
1233,TOYOTA Corolla 1.6 16V LIFTB LINEA LUNA 4/5-Doors,6950,114
1234,TOYOTA Corolla 1.6 16v Liftback Linea Terra 4/5-Doors,7250,112
1235,TOYOTA Corolla 1.6 16V WAGON LINEA TERRA Stationwagen,7750,111
1236,TOYOTA Corolla 1.6 16V HATCHB LINEA LUNA 2/3-Doors,8700,109
1237,TOYOTA Corolla LIFTBACK 1.6 Linea Terra Liftback 4/5-Doors,8950,114
1238,TOYOTA Corolla 1.6 16V LIFTB LINEA TERRA 4/5-Doors,6750,110
1239,TOYOTA Corolla 1.6 16V LIFTB LINEA TERRA 4/5-Doors,7500,105
1240,TOYOTA Corolla 1.3 16V HATCHB LINEA TERRA 2/3-Doors,7950,103
1241,TOYOTA Corolla 1.3 16V HATCHB LINEA TERRA AUT3 2/3-Doors,8950,105
1242,TOYOTA Corolla 1.6 16V HATCHB LINEA TERRA 2/3-Doors,7950,105
1243,TOYOTA Corolla 1.3 16V HATCHB LINEA TERRA 2/3-Doors,7450,112
1244,TOYOTA Corolla 1.3 HB LINEA TERRA 2/3-Doors,5950,112
1245,TOYOTA Corolla 1.6 16V HATCHB LINEA TERRA 2/3-Doors,7750,109
1246,TOYOTA Corolla 1.3 16V HATCHB LINEA TERRA 2/3-Doors,6950,111
1247,TOYOTA Corolla 1.3 16V LIFTB LINEA TERRA 4/5-Doors,8750,114
1248,TOYOTA Corolla 1.6 Linea Luna 4/5-Doors,8950,105
1249,TOYOTA Corolla 1.6 16V LIFTB LINEA TERRA 4/5-Doors,7495,113
1250,TOYOTA Corolla 1.6 16V LIFTB LINEA TERRA 4/5-Doors,7750,110
1251,TOYOTA Corolla 1.6 VVTi Linea terra 2/3-Doors,6950,104
1252,TOYOTA Corolla 1.6 16V LIFTB LINEA TERRA 4/5-Doors,7990,111
1253,TOYOTA Corolla 1.6 16v Linea Terra 4/5-Doors,7250,112
1254,TOYOTA Corolla 1.3 16V HATCHB LINEA TERRA 2/3-Doors,6900,103
1255,TOYOTA Corolla 1.6 16V LIFTB LINEA TERRA 4/5-Doors,7750,108
1256,TOYOTA Corolla 1.6 16V SEDAN LINEA TERRA 4/5-Doors,7250,112
1257,TOYOTA Corolla 1.3 16V HATCHB LINEA TERRA 2/3-Doors,8950,111
1258,TOYOTA Corolla 1.6 Linea Terra HB 2/3-Doors,8500,105
1259,TOYOTA Corolla 1.6 16V LIFTB LINEA LUNA 4/5-Doors,7950,106
1260,TOYOTA Corolla 1.3 HB LINEA TERRA 2/3-Doors,6950,111
1261,TOYOTA Corolla 1.6 16V HATCHB GTSI 2/3-Doors,8000,112
1262,TOYOTA Corolla 1.6 16V HATCHB LINEA LUNA 2/3-Doors,7950,109
1263,TOYOTA Corolla 1.3 16V HATCHB LINEA TERRA 2/3-Doors,8500,110
1264,TOYOTA Corolla 1.3 16V HATCHB LINEA TERRA 2/3-Doors,7490,107
1265,TOYOTA Corolla 1.6 16V HATCHB GTSI 2/3-Doors,8250,114
1266,TOYOTA Corolla 1.6 16V LIFTB LINEA TERRA 4/5-Doors,9250,105
1267,TOYOTA Corolla 1.3 16V LIFTB LINEA TERRA 4/5-Doors,7950,106
1268,TOYOTA Corolla 1.6 HB LINEA TERRA 2/3-Doors,9500,111
1269,TOYOTA Corolla 1.6 Linea Terra Comfort H 2/3-Doors,8950,106
1270,TOYOTA Corolla 1.3 Linea Terra wagon Stationwagen,8450,112
1271,TOYOTA Corolla 1.6 station 1 Stationwagen,7995,113
1272,TOYOTA Corolla 1.6 Linea Terra Sd 4/5-Doors,8750,112
1273,TOYOTA Corolla 1.3 16V LIFTB LINEA TERRA 4/5-Doors,5950,105
1274,TOYOTA Corolla 1.6 16V LIFTB LINEA LUNA 4/5-Doors,8500,107
1275,TOYOTA Corolla 1.3 16V Linea Terra 4/5-Doors,8950,103
1276,TOYOTA Corolla 1.3 16V SEDAN LINEA TERRA 4/5-Doors,8750,103
1277,TOYOTA Corolla LIFTBACK 1.6 Linea Luna Liftback 4/5-Doors,7600,112
1278,TOYOTA Corolla 1.6 16V LIFTB LINEA TERRA 4/5-Doors,7145,114
1279,TOYOTA Corolla 1.6 16V WAGON LINEA TERRA Stationwagen,8450,103
1280,TOYOTA Corolla 1.3i LINEA TERRA 2/3-Doors,5950,109
1281,TOYOTA Corolla 1.6 16V LIFTB LINEA LUNA 4/5-Doors,9000,114
1282,TOYOTA Corolla 1.6 16V HATCHB LINEA TERRA 2/3-Doors,7250,114
1283,TOYOTA Corolla 1.6 16V HATCHB S 2/3-Doors,7400,109
1284,TOYOTA Corolla 1.6 16V LIFTB LINEA LUNA 4/5-Doors,8800,113
1285,TOYOTA Corolla 1.6 16V HATCHB LINEA TERRA 2/3-Doors,7750,105
1286,TOYOTA Corolla 1.3 16V HATCHB LINEA TERRA 2/3-Doors,7500,109
1287,TOYOTA Corolla 1.3 SDN LINEA TERRA AUT 4/5-Doors,8450,112
1288,TOYOTA Corolla 1.6 16V LIFTB LINEA TERRA 4/5-Doors,7400,109
1289,TOYOTA Corolla 1.6 16V LIFTB LINEA TERRA 4/5-Doors,7500,114
1290,TOYOTA Corolla 1.6 16V LIFTB LINEA LUNA 4/5-Doors,8950,110
1291,TOYOTA Corolla 1.6 16V LIFTB LINEA LUNA 4/5-Doors,8950,104
1292,TOYOTA Corolla 1.6 16V HATCHB LINEA TERRA 2/3-Doors,7950,111
1293,TOYOTA Corolla 1.6 16V LIFTB LINEA LUNA 4/5-Doors,7950,113
1294,TOYOTA Corolla 1.6 16V LIFTB LINEA TERRA 4/5-Doors,7950,112
1295,TOYOTA Corolla 1.6 16V LIFTB LINEA TERRA AUT4 4/5-Doors,8950,105
1296,TOYOTA Corolla 1.6 16V LIFTB LINEA TERRA 4/5-Doors,7750,112
1297,TOYOTA Corolla 1.6 16V SEDAN LINEA TERRA 4/5-Doors,8250,112
1298,TOYOTA Corolla 1.6 16V HATCHB LINEA LUNA 2/3-Doors,7950,112
1299,TOYOTA Corolla 1.3 16V HATCHB LINEA TERRA 2/3-Doors,7750,111
1300,TOYOTA Corolla 1.6 16V LIFTB LINEA LUNA 4/5-Doors,8500,111
1301,TOYOTA Corolla 1.6 Terra LB 4/5-Doors,6950,114
1302,TOYOTA Corolla 1.6 16V SEDAN LINEA TERRA 4/5-Doors,7500,114
1303,TOYOTA Corolla 1.6 16V HATCHB LINEA TERRA 2/3-Doors,7750,113
1304,TOYOTA Corolla 1.3 16v linea terra ,5950,113
1305,TOYOTA Corolla 1.6 16V HATCHB LINEA TERRA 2/3-Doors,7500,112
1306,TOYOTA Corolla 1.3 Linea Terra Hatchback 2/3-Doors,8950,106
1307,TOYOTA Corolla 1.6 VVTi Linea terra 2/3-Doors,7950,110
1308,TOYOTA Corolla 1.6 lb aut 4/5-Doors,6900,114
1309,TOYOTA Corolla 1.6 16V HATCHB LINEA TERRA 2/3-Doors,7450,111
1310,TOYOTA Corolla 1.6 16V HATCHB LINEA TERRA AUT4 2/3-Doors,8500,114
1311,TOYOTA Corolla 1.6 WGN LINEA TERRA Stationwagen,7500,107
1312,TOYOTA Corolla 1.6 16V HATCHB LINEA TERRA 2/3-Doors,8750,111
1313,TOYOTA Corolla 1.6 16V HATCHB LINEA TERRA 2/3-Doors,7500,110
1314,TOYOTA Corolla 1.6 16V LIFTB LINEA TERRA 4/5-Doors,9950,114
1315,TOYOTA Corolla 1.3 HB Linea Terra 2/3-Doors,7950,109
1316,TOYOTA Corolla 1.6 16V LIFTB LINEA TERRA 4/5-Doors,9950,109
1317,TOYOTA Corolla 1.6 16V LIFTB LINEA LUNA 4/5-Doors,9250,112
1318,TOYOTA Corolla 1.3 16V LIFTB LINEA TERRA 4/5-Doors,9250,107
1319,TOYOTA Corolla 1.6 16V WAGON LINEA TERRA Stationwagen,9950,113
1320,TOYOTA Corolla 1.6 16V HATCHB LINEA TERRA 2/3-Doors,5950,108
1321,TOYOTA Corolla 1.6 16V LIFTBACK LINEA LUNA 4/5-Doors,7995,110
1322,TOYOTA Corolla 1.3 16V HATCHB LINEA TERRA AUT3 2/3-Doors,8950,104
1323,TOYOTA Corolla 1.3 16V SEDAN LINEA TERRA 4/5-Doors,7450,109
1324,TOYOTA Corolla 1.3 16V LIFTB LINEA TERRA 4/5-Doors,8250,110
1325,TOYOTA Corolla 1.6 16V WAGON LINEA TERRA Stationwagen,8500,112
1326,TOYOTA Corolla 1.6 16V LIFTB LINEA LUNA 4/5-Doors,8500,104
1327,TOYOTA Corolla 2.0 DSL HATCHB LINEA TERRA 2/3-Doors,9400,103
1328,TOYOTA Corolla 1.6 16V HATCHB LINEA LUNA 2/3-Doors,7250,114
1329,TOYOTA Corolla 1.6 16V LIFTB LINEA LUNA 4/5-Doors,8950,113
1330,TOYOTA Corolla 1.6 16V LIFTB LINEA LUNA 4/5-Doors,9450,114
1331,TOYOTA Corolla 1.6HB 2/3-Doors,8500,108
1332,TOYOTA Corolla 1.3 16V HATCHB LINEA TERRA 2/3-Doors,6750,114
1333,TOYOTA Corolla 1.6 16V LIFTB LINEA TERRA 4/5-Doors,7400,114
1334,TOYOTA Corolla 1.3 16V HATCHB LINEA TERRA 2/3-Doors,8950,112
1335,TOYOTA Corolla 1.6 16V HATCHB LINEA LUNA 2/3-Doors,6900,114
1336,TOYOTA Corolla 1.3 16V HATCHB LINEA TERRA 2/3-Doors,7750,113
1337,TOYOTA Corolla 2.0 DSL HATCHB LINEA TERRA 2/3-Doors,8950,105
1338,TOYOTA Corolla 1.3 16V HATCHB LINEA TERRA 2/3-Doors,6950,109
1339,TOYOTA Corolla 1.6 16V SEDAN LINEA TERRA 4/5-Doors,8495,111
1340,TOYOTA Corolla 1.6 16V HATCHB LINEA LUNA AUT4 2/3-Doors,10000,109
1341,TOYOTA Corolla 1.6 16V LIFTB LINEA TERRA 4/5-Doors,6999,105
1342,TOYOTA Corolla 1.6 16V HATCHB LINEA LUNA 2/3-Doors,8950,114
1343,TOYOTA Corolla 1.6 Linea Terra Sedan 4/5-Doors,8500,113
1344,TOYOTA Corolla 1.6 16V SEDAN LINEA TERRA 4/5-Doors,8750,109
1345,TOYOTA Corolla Hatchback 1.6 Terra Comfort 2/3-Doors,7499,114
1346,TOYOTA Corolla 1.6 16V SEDAN LINEA TERRA 4/5-Doors,9000,114
1347,TOYOTA Corolla 1.6 16V HATCHB LINEA TERRA 2/3-Doors,8950,111
1348,TOYOTA Corolla 1.6 16V LIFTB LINEA LUNA 4/5-Doors,6950,114
1349,TOYOTA Corolla 1.6 16V LIFTB LINEA LUNA 4/5-Doors,8500,111
1350,TOYOTA Corolla 1.3 16V LIFTB LINEA TERRA AUT3 4/5-Doors,8450,111
1351,TOYOTA Corolla 1.6 16V LIFTB LINEA TERRA 4/5-Doors,8950,108
1352,TOYOTA Corolla 1.6 16V LIFTB LINEA TERRA 4/5-Doors,8250,111
1353,TOYOTA Corolla 1.3 16V Linea Terra Liftb 4/5-Doors,7950,109
1354,TOYOTA Corolla 1.6 16V SEDAN LINEA TERRA 4/5-Doors,7450,104
1355,TOYOTA Corolla 1.6 16V HATCHB LINEA TERRA AUT4 2/3-Doors,9000,113
1356,TOYOTA Corolla 1.6 16V SEDAN LINEA TERRA 4/5-Doors,7150,104
1357,TOYOTA Corolla 1.6 16V SEDAN LINEA TERRA 4/5-Doors,7750,110
1358,TOYOTA Corolla 1.3 I LUNA 2/3-Doors,5845,104
1359,TOYOTA Corolla 1.6 16V LIFTB LINEA LUNA 4/5-Doors,8500,106
1360,TOYOTA Corolla 1.6 LB LINEA LUNA 4/5-Doors,8250,114
1361,TOYOTA Corolla 1.6 Linea Terra Comfort 2/3-Doors,9450,113
1362,TOYOTA Corolla 1.6 16V HATCHB LINEA TERRA 2/3-Doors,6750,103
1363,TOYOTA Corolla 1.6 16V HATCHB LINEA TERRA 2/3-Doors,8400,111
1364,TOYOTA Corolla 1.6 16V HATCHB LINEA TERRA 2/3-Doors,7900,110
1365,TOYOTA Corolla 1.6 16V HATCHBACK LINEA LUNA 2/3-Doors,7950,110
1366,TOYOTA Corolla 1.6 16V WAGON LINEA TERRA Stationwagen,8750,114
1367,TOYOTA Corolla 1.6 16V HATCHB LINEA TERRA 2/3-Doors,9900,107
1368,TOYOTA Corolla 1.6 16V SEDAN LINEA TERRA 4/5-Doors,6495,105
1369,TOYOTA Corolla 1.6 16V HATCHB LINEA TERRA AUT4 2/3-Doors,8250,104
1370,TOYOTA Corolla 1.6 16V HATCHB LINEA TERRA 2/3-Doors,6900,103
1371,TOYOTA Corolla 1.3 16V HATCHB LINEA TERRA 2/3-Doors,7500,108
1372,TOYOTA Corolla 1.3 16V SEDAN LINEA TERRA AUT3 4/5-Doors,7950,109
1373,TOYOTA Corolla LIFTBACK 1.6 Linea terra 4/5-Doors,8250,114
1374,TOYOTA Corolla 1.6 VVTi Linea Luna 2/3-Doors,8950,114
1375,TOYOTA Corolla 1.6 HB LINEA LUNA 2/3-Doors,9750,104
1376,TOYOTA Corolla 1.3 16V HATCHB LINEA TERRA 2/3-Doors,8250,114
1377,TOYOTA Corolla 1.6 16V LIFTB LINEA LUNA 4/5-Doors,8900,112
1378,TOYOTA Corolla 1.3 16V WAGON LINEA TERRA Stationwagen,8950,109
1379,TOYOTA Corolla 1.6 16V HATCHB LINEA TERRA 2/3-Doors,6750,110
1380,TOYOTA Corolla 1.6 16V LIFTB LINEA TERRA 4/5-Doors,7950,109
1381,TOYOTA Corolla 1.3 16V HATCHB G6 2/3-Doors,8600,103
1382,TOYOTA Corolla 1.3 16V SEDAN LINEA TERRA 4/5-Doors,7750,114
1383,TOYOTA Corolla 1.6 16V HATCHB S 2/3-Doors,7800,107
1384,TOYOTA Corolla 1.6 16V HATCHB LINEA TERRA 2/3-Doors,8750,107
1385,TOYOTA Corolla 1.3 16V Linea Terra Liftb 2/3-Doors,9500,113
1386,TOYOTA Corolla 1.6 16V SEDAN LINEA TERRA 4/5-Doors,7750,108
1387,TOYOTA Corolla 1.6 16V LIFTB LINEA LUNA 4/5-Doors,9950,113
1388,TOYOTA Corolla 1.3 16V HATCHB LINEA TERRA 2/3-Doors,7750,111
1389,TOYOTA Corolla 1.6 16V HATCHB LINEA TERRA 2/3-Doors,5950,103
1390,TOYOTA Corolla 1.6 16V LIFTB LINEA TERRA 4/5-Doors,10950,110
1391,TOYOTA Corolla 1.6 SDN LINEA TERRA 4/5-Doors,9450,111
1392,TOYOTA Corolla 1.6 16V HATCHB LINEA TERRA 2/3-Doors,8250,114
1393,TOYOTA Corolla 1.6 16V LIFTB LINEA TERRA 4/5-Doors,9750,103
1394,TOYOTA Corolla 1.6 LB LINEA TERRA 4/5-Doors,7450,112
1395,TOYOTA Corolla 1.6 LL HB 4/5-Doors,8750,109
1396,TOYOTA Corolla 1.6 16V HATCHB LINEA TERRA 2/3-Doors,8750,103
1397,TOYOTA Corolla 1.6 16V SEDAN LINEA TERRA AUT4 4/5-Doors,8500,107
1398,TOYOTA Corolla 1.3 16V SEDAN LINEA TERRA 4/5-Doors,8950,104
1399,TOYOTA Corolla 1.3 16V LIFTB LINEA TERRA 4/5-Doors,7500,113
1400,TOYOTA Corolla 1.6 16V SEDAN LINEA TERRA 4/5-Doors,7250,103
1401,TOYOTA Corolla 1.6 16V SEDAN LINEA TERRA 4/5-Doors,7450,114
1402,TOYOTA Corolla 1.3 HB LINEA TERRA AUT Anders,8750,110
1403,TOYOTA Corolla 1.6 16V HATCHB LINEA LUNA 2/3-Doors,9800,111
1404,TOYOTA Corolla 1.3 16V HATCHB LINEA TERRA 2/3-Doors,7500,105
1405,TOYOTA Corolla 1.6 16V LIFTB LINEA LUNA 4/5-Doors,8950,109
1406,TOYOTA Corolla LIFTBACK 1.3i Linea Terra Liftback 4/5-Doors,8950,108
1407,TOYOTA Corolla LIFTBACK 1.6 Linea terra 4/5-Doors,7450,104
1408,TOYOTA Corolla 1.6 LB LINEA LUNA 4/5-Doors,8950,105
1409,TOYOTA Corolla 1.3 16V LIFTB LINEA LUNA 4/5-Doors,10500,112
1410,TOYOTA Corolla 1.3 16V HATCHB 2/3-Doors,7000,107
1411,TOYOTA Corolla 1.6 16V HATCHB LINEA TERRA 2/3-Doors,8500,111
1412,TOYOTA Corolla 1.3 16V LIFTB LINEA TERRA 4/5-Doors,7750,110
1413,TOYOTA Corolla 1.6 16V HATCHB LINEA TERRA 2/3-Doors,8950,104
1414,TOYOTA Corolla 1.6 GL LB 4/5-Doors,8250,103
1415,TOYOTA Corolla 1.6 16V HATCHB GTSI 2/3-Doors,9250,114
1416,TOYOTA Corolla 1.6 16V LIFTB LINEA TERRA 4/5-Doors,7900,109
1417,TOYOTA Corolla 1.3 16V SEDAN LINEA TERRA 4/5-Doors,8500,112
1418,TOYOTA Corolla 1.6 16V LIFTB LINEA TERRA 4/5-Doors,7950,110
1419,TOYOTA Corolla 1.6 16V HATCHB LINEA TERRA 2/3-Doors,9950,103
1420,TOYOTA Corolla 1.6 16V LIFTB LINEA TERRA AUT4 4/5-Doors,8750,108
1421,TOYOTA Corolla 1.6 16V HATCHB LINEA TERRA 2/3-Doors,7500,114
1422,TOYOTA Corolla 1.6 16V HATCHB LINEA TERRA 2/3-Doors,6950,106
1423,TOYOTA Corolla 1.6 LB 4/5-Doors,8950,113
1424,TOYOTA Corolla 1.6 16V HATCHB LINEA TERRA AUT4 2/3-Doors,8750,113
1425,TOYOTA Corolla 1.3 16V HATCHB LINEA TERRA 2/3-Doors,7750,107
1426,TOYOTA Corolla 1.6 16V HATCHB LINEA TERRA 2/3-Doors,8450,109
1427,TOYOTA Corolla 1.6 SDN LINEA TERRA AUT 4/5-Doors,8150,110
1428,TOYOTA Corolla 1.3 16V HATCHB LINEA TERRA AUT3 2/3-Doors,8500,112
1429,TOYOTA Corolla 1.6 16V HATCHB LINEA TERRA 2/3-Doors,7600,112
1430,TOYOTA Corolla 1.3 HB LINEA TERRA AUT 2/3-Doors,7950,114
1431,TOYOTA Corolla 1.3 3D Linea Terra 2/3-Doors,7750,107
1432,TOYOTA Corolla 1.3 Linea Terra sedan 4/5-Doors,7950,114
1433,TOYOTA Corolla 1.6 Lin.Terra Aut. 2/3-Doors,9950,112
1434,TOYOTA Corolla 1.3 16V HATCHB LINEA TERRA AUT3 2/3-Doors,8950,105
1435,TOYOTA Corolla 1.3 16V HATCHB LINEA TERRA 2/3-Doors,8450,106
1436,TOYOTA Corolla 1.3 Linea Terra 4/5-Doors,8950,112
1437,TOYOTA Corolla 1.3 16V HATCHB LINEA TERRA 2/3-Doors,8450,114
1438,TOYOTA Corolla 1.3 16V HATCHB G6 2/3-Doors,7500,103
1439,TOYOTA Corolla 1.3 16V HATCHB LINEA TERRA 2/3-Doors,10845,106
1440,TOYOTA Corolla 1.3 16V HATCHB LINEA TERRA 2/3-Doors,8500,105
1441,TOYOTA Corolla 1.3 16V HATCHB LINEA TERRA 2/3-Doors,7250,104
1442,TOYOTA Corolla 1.6 LB LINEA TERRA 4/5-Doors,6950,110
